Workbook
Name EmpNames: '設定'!$B$8:$B$13
Name HolidayDates: '公眾假期'!$A$5:$A$84
Name HolidayNames: '公眾假期'!$B$5:$B$84
Name LeaveName: '請假登記'!$A$5:$A$504
Name LeaveDate: '請假登記'!$B$5:$B$504
Name LeaveType: '請假登記'!$C$5:$C$504
Name CompYear1: '假期上班登記'!$C$89
Name CompYear2: '假期上班登記'!$C$90
Name CompYear3: '假期上班登記'!$C$91
Name CompYear4: '假期上班登記'!$C$92
Name CompYear5: '假期上班登記'!$C$93
Name CompYear6: '假期上班登記'!$C$94

Sheet 排班表
A1: 部門輪班更表（跨年模版） | F1: 顯示年份 | G1: ='設定'!$B$3
A3: 本週／下週快覽
A4: 今天 | B4: =TODAY()
A5: 本週起始（一） | B5: =B4-WEEKDAY(B4,2)+1 | D5: 本週欄位 | E5: =IFERROR(MATCH(B5,$G$13:$BG$13,0),"非本年")
A6: 下週起始（一） | B6: =B5+7 | D6: 下週欄位 | E6: =IFERROR(MATCH(B6,$G$13:$BG$13,0),"非本年")
A8: 人員 | B8: 本週班次 | C8: 下週班次 | D8: 圖例 | E8: S | F8: A | G8: P | H8: N | I8: AL | J8: SL
A9: ='設定'!B8 | B9: =IF(OR($E$5="",$E$5="非本年"),"",IFERROR(INDEX($G14:$BG14,$E$5),"")) | C9: =IF(OR($E$6="",$E$6="非本年"),"",IFERROR(INDEX($G14:$BG14,$E$6),""))
A10: ='設定'!B9 | B10: =IF(OR($E$5="",$E$5="非本年"),"",IFERROR(INDEX($G15:$BG15,$E$5),"")) | C10: =IF(OR($E$6="",$E$6="非本年"),"",IFERROR(INDEX($G15:$BG15,$E$6),""))
A11: ='設定'!B10 | B11: =IF(OR($E$5="",$E$5="非本年"),"",IFERROR(INDEX($G16:$BG16,$E$5),"")) | C11: =IF(OR($E$6="",$E$6="非本年"),"",IFERROR(INDEX($G16:$BG16,$E$6),""))
A12: 全年排班主表｜請假請到「請假登記」逐日登錄｜補假請到「假期上班登記」｜月曆檢視見「本月排班日曆」
A13: 員工姓名 | B13: 已用年假 (本年) | C13: 剩餘年假 (本年) | D13: 累積補假 結餘 | E13: 期初補假 (可調) | F13: 本年新增 補假 | G13: =IF(((DATE('設定'!$B$3,1,1)+MOD(8-WEEKDAY(DATE('設定'!$B$3,1,1),2),7))+0*7)>DATE('設定'!$B$3,12,31),"",(DATE('設定'!$B$3,1,1)+MOD(8-WEEKDAY(DATE('設定'!$B$3,1,1),2),7))+0*7) | H13: =IF(((DATE('設定'!$B$3,1,1)+MOD(8-WEEKDAY(DATE('設定'!$B$3,1,1),2),7))+1*7)>DATE('設定'!$B$3,12,31),"",(DATE('設定'!$B$3,1,1)+MOD(8-WEEKDAY(DATE('設定'!$B$3,1,1),2),7))+1*7) | I13: =IF(((DATE('設定'!$B$3,1,1)+MOD(8-WEEKDAY(DATE('設定'!$B$3,1,1),2),7))+2*7)>DATE('設定'!$B$3,12,31),"",(DATE('設定'!$B$3,1,1)+MOD(8-WEEKDAY(DATE('設定'!$B$3,1,1),2),7))+2*7) | J13: =IF(((DATE('設定'!$B$3,1,1)+MOD(8-WEEKDAY(DATE('設定'!$B$3,1,1),2),7))+3*7)>DATE('設定'!$B$3,12,31),"",(DATE('設定'!$B$3,1,1)+MOD(8-WEEKDAY(DATE('設定'!$B$3,1,1),2),7))+3*7) | K13: =IF(((DATE('設定'!$B$3,1,1)+MOD(8-WEEKDAY(DATE('設定'!$B$3,1,1),2),7))+4*7)>DATE('設定'!$B$3,12,31),"",(DATE('設定'!$B$3,1,1)+MOD(8-WEEKDAY(DATE('設定'!$B$3,1,1),2),7))+4*7) | L13: =IF(((DATE('設定'!$B$3,1,1)+MOD(8-WEEKDAY(DATE('設定'!$B$3,1,1),2),7))+5*7)>DATE('設定'!$B$3,12,31),"",(DATE('設定'!$B$3,1,1)+MOD(8-WEEKDAY(DATE('設定'!$B$3,1,1),2),7))+5*7) | M13: =IF(((DATE('設定'!$B$3,1,1)+MOD(8-WEEKDAY(DATE('設定'!$B$3,1,1),2),7))+6*7)>DATE('設定'!$B$3,12,31),"",(DATE('設定'!$B$3,1,1)+MOD(8-WEEKDAY(DATE('設定'!$B$3,1,1),2),7))+6*7) | N13: =IF(((DATE('設定'!$B$3,1,1)+MOD(8-WEEKDAY(DATE('設定'!$B$3,1,1),2),7))+7*7)>DATE('設定'!$B$3,12,31),"",(DATE('設定'!$B$3,1,1)+MOD(8-WEEKDAY(DATE('設定'!$B$3,1,1),2),7))+7*7) | O13: =IF(((DATE('設定'!$B$3,1,1)+MOD(8-WEEKDAY(DATE('設定'!$B$3,1,1),2),7))+8*7)>DATE('設定'!$B$3,12,31),"",(DATE('設定'!$B$3,1,1)+MOD(8-WEEKDAY(DATE('設定'!$B$3,1,1),2),7))+8*7) | P13: =IF(((DATE('設定'!$B$3,1,1)+MOD(8-WEEKDAY(DATE('設定'!$B$3,1,1),2),7))+9*7)>DATE('設定'!$B$3,12,31),"",(DATE('設定'!$B$3,1,1)+MOD(8-WEEKDAY(DATE('設定'!$B$3,1,1),2),7))+9*7) | Q13: =IF(((DATE('設定'!$B$3,1,1)+MOD(8-WEEKDAY(DATE('設定'!$B$3,1,1),2),7))+10*7)>DATE('設定'!$B$3,12,31),"",(DATE('設定'!$B$3,1,1)+MOD(8-WEEKDAY(DATE('設定'!$B$3,1,1),2),7))+10*7) | R13: =IF(((DATE('設定'!$B$3,1,1)+MOD(8-WEEKDAY(DATE('設定'!$B$3,1,1),2),7))+11*7)>DATE('設定'!$B$3,12,31),"",(DATE('設定'!$B$3,1,1)+MOD(8-WEEKDAY(DATE('設定'!$B$3,1,1),2),7))+11*7) | S13: =IF(((DATE('設定'!$B$3,1,1)+MOD(8-WEEKDAY(DATE('設定'!$B$3,1,1),2),7))+12*7)>DATE('設定'!$B$3,12,31),"",(DATE('設定'!$B$3,1,1)+MOD(8-WEEKDAY(DATE('設定'!$B$3,1,1),2),7))+12*7) | T13: =IF(((DATE('設定'!$B$3,1,1)+MOD(8-WEEKDAY(DATE('設定'!$B$3,1,1),2),7))+13*7)>DATE('設定'!$B$3,12,31),"",(DATE('設定'!$B$3,1,1)+MOD(8-WEEKDAY(DATE('設定'!$B$3,1,1),2),7))+13*7) | U13: =IF(((DATE('設定'!$B$3,1,1)+MOD(8-WEEKDAY(DATE('設定'!$B$3,1,1),2),7))+14*7)>DATE('設定'!$B$3,12,31),"",(DATE('設定'!$B$3,1,1)+MOD(8-WEEKDAY(DATE('設定'!$B$3,1,1),2),7))+14*7) | V13: =IF(((DATE('設定'!$B$3,1,1)+MOD(8-WEEKDAY(DATE('設定'!$B$3,1,1),2),7))+15*7)>DATE('設定'!$B$3,12,31),"",(DATE('設定'!$B$3,1,1)+MOD(8-WEEKDAY(DATE('設定'!$B$3,1,1),2),7))+15*7) | W13: =IF(((DATE('設定'!$B$3,1,1)+MOD(8-WEEKDAY(DATE('設定'!$B$3,1,1),2),7))+16*7)>DATE('設定'!$B$3,12,31),"",(DATE('設定'!$B$3,1,1)+MOD(8-WEEKDAY(DATE('設定'!$B$3,1,1),2),7))+16*7) | X13: =IF(((DATE('設定'!$B$3,1,1)+MOD(8-WEEKDAY(DATE('設定'!$B$3,1,1),2),7))+17*7)>DATE('設定'!$B$3,12,31),"",(DATE('設定'!$B$3,1,1)+MOD(8-WEEKDAY(DATE('設定'!$B$3,1,1),2),7))+17*7) | Y13: =IF(((DATE('設定'!$B$3,1,1)+MOD(8-WEEKDAY(DATE('設定'!$B$3,1,1),2),7))+18*7)>DATE('設定'!$B$3,12,31),"",(DATE('設定'!$B$3,1,1)+MOD(8-WEEKDAY(DATE('設定'!$B$3,1,1),2),7))+18*7) | Z13: =IF(((DATE('設定'!$B$3,1,1)+MOD(8-WEEKDAY(DATE('設定'!$B$3,1,1),2),7))+19*7)>DATE('設定'!$B$3,12,31),"",(DATE('設定'!$B$3,1,1)+MOD(8-WEEKDAY(DATE('設定'!$B$3,1,1),2),7))+19*7) | AA13: =IF(((DATE('設定'!$B$3,1,1)+MOD(8-WEEKDAY(DATE('設定'!$B$3,1,1),2),7))+20*7)>DATE('設定'!$B$3,12,31),"",(DATE('設定'!$B$3,1,1)+MOD(8-WEEKDAY(DATE('設定'!$B$3,1,1),2),7))+20*7) | AB13: =IF(((DATE('設定'!$B$3,1,1)+MOD(8-WEEKDAY(DATE('設定'!$B$3,1,1),2),7))+21*7)>DATE('設定'!$B$3,12,31),"",(DATE('設定'!$B$3,1,1)+MOD(8-WEEKDAY(DATE('設定'!$B$3,1,1),2),7))+21*7) | AC13: =IF(((DATE('設定'!$B$3,1,1)+MOD(8-WEEKDAY(DATE('設定'!$B$3,1,1),2),7))+22*7)>DATE('設定'!$B$3,12,31),"",(DATE('設定'!$B$3,1,1)+MOD(8-WEEKDAY(DATE('設定'!$B$3,1,1),2),7))+22*7) | AD13: =IF(((DATE('設定'!$B$3,1,1)+MOD(8-WEEKDAY(DATE('設定'!$B$3,1,1),2),7))+23*7)>DATE('設定'!$B$3,12,31),"",(DATE('設定'!$B$3,1,1)+MOD(8-WEEKDAY(DATE('設定'!$B$3,1,1),2),7))+23*7) | AE13: =IF(((DATE('設定'!$B$3,1,1)+MOD(8-WEEKDAY(DATE('設定'!$B$3,1,1),2),7))+24*7)>DATE('設定'!$B$3,12,31),"",(DATE('設定'!$B$3,1,1)+MOD(8-WEEKDAY(DATE('設定'!$B$3,1,1),2),7))+24*7) | AF13: =IF(((DATE('設定'!$B$3,1,1)+MOD(8-WEEKDAY(DATE('設定'!$B$3,1,1),2),7))+25*7)>DATE('設定'!$B$3,12,31),"",(DATE('設定'!$B$3,1,1)+MOD(8-WEEKDAY(DATE('設定'!$B$3,1,1),2),7))+25*7) | AG13: =IF(((DATE('設定'!$B$3,1,1)+MOD(8-WEEKDAY(DATE('設定'!$B$3,1,1),2),7))+26*7)>DATE('設定'!$B$3,12,31),"",(DATE('設定'!$B$3,1,1)+MOD(8-WEEKDAY(DATE('設定'!$B$3,1,1),2),7))+26*7) | AH13: =IF(((DATE('設定'!$B$3,1,1)+MOD(8-WEEKDAY(DATE('設定'!$B$3,1,1),2),7))+27*7)>DATE('設定'!$B$3,12,31),"",(DATE('設定'!$B$3,1,1)+MOD(8-WEEKDAY(DATE('設定'!$B$3,1,1),2),7))+27*7) | AI13: =IF(((DATE('設定'!$B$3,1,1)+MOD(8-WEEKDAY(DATE('設定'!$B$3,1,1),2),7))+28*7)>DATE('設定'!$B$3,12,31),"",(DATE('設定'!$B$3,1,1)+MOD(8-WEEKDAY(DATE('設定'!$B$3,1,1),2),7))+28*7) | AJ13: =IF(((DATE('設定'!$B$3,1,1)+MOD(8-WEEKDAY(DATE('設定'!$B$3,1,1),2),7))+29*7)>DATE('設定'!$B$3,12,31),"",(DATE('設定'!$B$3,1,1)+MOD(8-WEEKDAY(DATE('設定'!$B$3,1,1),2),7))+29*7) | AK13: =IF(((DATE('設定'!$B$3,1,1)+MOD(8-WEEKDAY(DATE('設定'!$B$3,1,1),2),7))+30*7)>DATE('設定'!$B$3,12,31),"",(DATE('設定'!$B$3,1,1)+MOD(8-WEEKDAY(DATE('設定'!$B$3,1,1),2),7))+30*7) | AL13: =IF(((DATE('設定'!$B$3,1,1)+MOD(8-WEEKDAY(DATE('設定'!$B$3,1,1),2),7))+31*7)>DATE('設定'!$B$3,12,31),"",(DATE('設定'!$B$3,1,1)+MOD(8-WEEKDAY(DATE('設定'!$B$3,1,1),2),7))+31*7) | AM13: =IF(((DATE('設定'!$B$3,1,1)+MOD(8-WEEKDAY(DATE('設定'!$B$3,1,1),2),7))+32*7)>DATE('設定'!$B$3,12,31),"",(DATE('設定'!$B$3,1,1)+MOD(8-WEEKDAY(DATE('設定'!$B$3,1,1),2),7))+32*7) | AN13: =IF(((DATE('設定'!$B$3,1,1)+MOD(8-WEEKDAY(DATE('設定'!$B$3,1,1),2),7))+33*7)>DATE('設定'!$B$3,12,31),"",(DATE('設定'!$B$3,1,1)+MOD(8-WEEKDAY(DATE('設定'!$B$3,1,1),2),7))+33*7) | AO13: =IF(((DATE('設定'!$B$3,1,1)+MOD(8-WEEKDAY(DATE('設定'!$B$3,1,1),2),7))+34*7)>DATE('設定'!$B$3,12,31),"",(DATE('設定'!$B$3,1,1)+MOD(8-WEEKDAY(DATE('設定'!$B$3,1,1),2),7))+34*7) | AP13: =IF(((DATE('設定'!$B$3,1,1)+MOD(8-WEEKDAY(DATE('設定'!$B$3,1,1),2),7))+35*7)>DATE('設定'!$B$3,12,31),"",(DATE('設定'!$B$3,1,1)+MOD(8-WEEKDAY(DATE('設定'!$B$3,1,1),2),7))+35*7) | AQ13: =IF(((DATE('設定'!$B$3,1,1)+MOD(8-WEEKDAY(DATE('設定'!$B$3,1,1),2),7))+36*7)>DATE('設定'!$B$3,12,31),"",(DATE('設定'!$B$3,1,1)+MOD(8-WEEKDAY(DATE('設定'!$B$3,1,1),2),7))+36*7) | AR13: =IF(((DATE('設定'!$B$3,1,1)+MOD(8-WEEKDAY(DATE('設定'!$B$3,1,1),2),7))+37*7)>DATE('設定'!$B$3,12,31),"",(DATE('設定'!$B$3,1,1)+MOD(8-WEEKDAY(DATE('設定'!$B$3,1,1),2),7))+37*7) | AS13: =IF(((DATE('設定'!$B$3,1,1)+MOD(8-WEEKDAY(DATE('設定'!$B$3,1,1),2),7))+38*7)>DATE('設定'!$B$3,12,31),"",(DATE('設定'!$B$3,1,1)+MOD(8-WEEKDAY(DATE('設定'!$B$3,1,1),2),7))+38*7) | AT13: =IF(((DATE('設定'!$B$3,1,1)+MOD(8-WEEKDAY(DATE('設定'!$B$3,1,1),2),7))+39*7)>DATE('設定'!$B$3,12,31),"",(DATE('設定'!$B$3,1,1)+MOD(8-WEEKDAY(DATE('設定'!$B$3,1,1),2),7))+39*7) | AU13: =IF(((DATE('設定'!$B$3,1,1)+MOD(8-WEEKDAY(DATE('設定'!$B$3,1,1),2),7))+40*7)>DATE('設定'!$B$3,12,31),"",(DATE('設定'!$B$3,1,1)+MOD(8-WEEKDAY(DATE('設定'!$B$3,1,1),2),7))+40*7) | AV13: =IF(((DATE('設定'!$B$3,1,1)+MOD(8-WEEKDAY(DATE('設定'!$B$3,1,1),2),7))+41*7)>DATE('設定'!$B$3,12,31),"",(DATE('設定'!$B$3,1,1)+MOD(8-WEEKDAY(DATE('設定'!$B$3,1,1),2),7))+41*7) | AW13: =IF(((DATE('設定'!$B$3,1,1)+MOD(8-WEEKDAY(DATE('設定'!$B$3,1,1),2),7))+42*7)>DATE('設定'!$B$3,12,31),"",(DATE('設定'!$B$3,1,1)+MOD(8-WEEKDAY(DATE('設定'!$B$3,1,1),2),7))+42*7) | AX13: =IF(((DATE('設定'!$B$3,1,1)+MOD(8-WEEKDAY(DATE('設定'!$B$3,1,1),2),7))+43*7)>DATE('設定'!$B$3,12,31),"",(DATE('設定'!$B$3,1,1)+MOD(8-WEEKDAY(DATE('設定'!$B$3,1,1),2),7))+43*7) | AY13: =IF(((DATE('設定'!$B$3,1,1)+MOD(8-WEEKDAY(DATE('設定'!$B$3,1,1),2),7))+44*7)>DATE('設定'!$B$3,12,31),"",(DATE('設定'!$B$3,1,1)+MOD(8-WEEKDAY(DATE('設定'!$B$3,1,1),2),7))+44*7) | AZ13: =IF(((DATE('設定'!$B$3,1,1)+MOD(8-WEEKDAY(DATE('設定'!$B$3,1,1),2),7))+45*7)>DATE('設定'!$B$3,12,31),"",(DATE('設定'!$B$3,1,1)+MOD(8-WEEKDAY(DATE('設定'!$B$3,1,1),2),7))+45*7) | BA13: =IF(((DATE('設定'!$B$3,1,1)+MOD(8-WEEKDAY(DATE('設定'!$B$3,1,1),2),7))+46*7)>DATE('設定'!$B$3,12,31),"",(DATE('設定'!$B$3,1,1)+MOD(8-WEEKDAY(DATE('設定'!$B$3,1,1),2),7))+46*7) | BB13: =IF(((DATE('設定'!$B$3,1,1)+MOD(8-WEEKDAY(DATE('設定'!$B$3,1,1),2),7))+47*7)>DATE('設定'!$B$3,12,31),"",(DATE('設定'!$B$3,1,1)+MOD(8-WEEKDAY(DATE('設定'!$B$3,1,1),2),7))+47*7) | BC13: =IF(((DATE('設定'!$B$3,1,1)+MOD(8-WEEKDAY(DATE('設定'!$B$3,1,1),2),7))+48*7)>DATE('設定'!$B$3,12,31),"",(DATE('設定'!$B$3,1,1)+MOD(8-WEEKDAY(DATE('設定'!$B$3,1,1),2),7))+48*7) | BD13: =IF(((DATE('設定'!$B$3,1,1)+MOD(8-WEEKDAY(DATE('設定'!$B$3,1,1),2),7))+49*7)>DATE('設定'!$B$3,12,31),"",(DATE('設定'!$B$3,1,1)+MOD(8-WEEKDAY(DATE('設定'!$B$3,1,1),2),7))+49*7) | BE13: =IF(((DATE('設定'!$B$3,1,1)+MOD(8-WEEKDAY(DATE('設定'!$B$3,1,1),2),7))+50*7)>DATE('設定'!$B$3,12,31),"",(DATE('設定'!$B$3,1,1)+MOD(8-WEEKDAY(DATE('設定'!$B$3,1,1),2),7))+50*7) | BF13: =IF(((DATE('設定'!$B$3,1,1)+MOD(8-WEEKDAY(DATE('設定'!$B$3,1,1),2),7))+51*7)>DATE('設定'!$B$3,12,31),"",(DATE('設定'!$B$3,1,1)+MOD(8-WEEKDAY(DATE('設定'!$B$3,1,1),2),7))+51*7) | BG13: =IF(((DATE('設定'!$B$3,1,1)+MOD(8-WEEKDAY(DATE('設定'!$B$3,1,1),2),7))+52*7)>DATE('設定'!$B$3,12,31),"",(DATE('設定'!$B$3,1,1)+MOD(8-WEEKDAY(DATE('設定'!$B$3,1,1),2),7))+52*7)
A14: ='設定'!B8 | B14: =IF(A14="","",COUNTIFS(LeaveName,A14,LeaveType,"AL",LeaveDate,">="&DATE('設定'!$B$3,1,1),LeaveDate,"<="&DATE('設定'!$B$3,12,31))) | C14: =IF(A14="","",IF('設定'!E8="","",'設定'!E8-B14)) | D14: =IF(A14="","",E14+F14) | E14: 0 | F14: =IF(A14="","",CompYear1) | G14: =IF(G$13="","",IF('設定'!$B$8="","",IF(COUNTIFS(LeaveName,'設定'!$B$8,LeaveType,"AL",LeaveDate,">="&G$13,LeaveDate,"<"&G$13+7)>0,"AL",IF(COUNTIFS(LeaveName,'設定'!$B$8,LeaveType,"SL",LeaveDate,">="&G$13,LeaveDate,"<"&G$13+7)>0,"SL",IF('設定'!$C$8="S","S",IF('設定'!$C$8="R",IF(MOD(INT((G$13-'設定'!$B$4)/7)+IF('設定'!$D$8="",0,'設定'!$D$8),16)<4,"A",IF(MOD(INT((G$13-'設定'!$B$4)/7)+IF('設定'!$D$8="",0,'設定'!$D$8),16)<8,"P",IF(MOD(INT((G$13-'設定'!$B$4)/7)+IF('設定'!$D$8="",0,'設定'!$D$8),16)<12,"N","P"))),"")))))) | H14: =IF(H$13="","",IF('設定'!$B$8="","",IF(COUNTIFS(LeaveName,'設定'!$B$8,LeaveType,"AL",LeaveDate,">="&H$13,LeaveDate,"<"&H$13+7)>0,"AL",IF(COUNTIFS(LeaveName,'設定'!$B$8,LeaveType,"SL",LeaveDate,">="&H$13,LeaveDate,"<"&H$13+7)>0,"SL",IF('設定'!$C$8="S","S",IF('設定'!$C$8="R",IF(MOD(INT((H$13-'設定'!$B$4)/7)+IF('設定'!$D$8="",0,'設定'!$D$8),16)<4,"A",IF(MOD(INT((H$13-'設定'!$B$4)/7)+IF('設定'!$D$8="",0,'設定'!$D$8),16)<8,"P",IF(MOD(INT((H$13-'設定'!$B$4)/7)+IF('設定'!$D$8="",0,'設定'!$D$8),16)<12,"N","P"))),"")))))) | I14: =IF(I$13="","",IF('設定'!$B$8="","",IF(COUNTIFS(LeaveName,'設定'!$B$8,LeaveType,"AL",LeaveDate,">="&I$13,LeaveDate,"<"&I$13+7)>0,"AL",IF(COUNTIFS(LeaveName,'設定'!$B$8,LeaveType,"SL",LeaveDate,">="&I$13,LeaveDate,"<"&I$13+7)>0,"SL",IF('設定'!$C$8="S","S",IF('設定'!$C$8="R",IF(MOD(INT((I$13-'設定'!$B$4)/7)+IF('設定'!$D$8="",0,'設定'!$D$8),16)<4,"A",IF(MOD(INT((I$13-'設定'!$B$4)/7)+IF('設定'!$D$8="",0,'設定'!$D$8),16)<8,"P",IF(MOD(INT((I$13-'設定'!$B$4)/7)+IF('設定'!$D$8="",0,'設定'!$D$8),16)<12,"N","P"))),"")))))) | J14: =IF(J$13="","",IF('設定'!$B$8="","",IF(COUNTIFS(LeaveName,'設定'!$B$8,LeaveType,"AL",LeaveDate,">="&J$13,LeaveDate,"<"&J$13+7)>0,"AL",IF(COUNTIFS(LeaveName,'設定'!$B$8,LeaveType,"SL",LeaveDate,">="&J$13,LeaveDate,"<"&J$13+7)>0,"SL",IF('設定'!$C$8="S","S",IF('設定'!$C$8="R",IF(MOD(INT((J$13-'設定'!$B$4)/7)+IF('設定'!$D$8="",0,'設定'!$D$8),16)<4,"A",IF(MOD(INT((J$13-'設定'!$B$4)/7)+IF('設定'!$D$8="",0,'設定'!$D$8),16)<8,"P",IF(MOD(INT((J$13-'設定'!$B$4)/7)+IF('設定'!$D$8="",0,'設定'!$D$8),16)<12,"N","P"))),"")))))) | K14: =IF(K$13="","",IF('設定'!$B$8="","",IF(COUNTIFS(LeaveName,'設定'!$B$8,LeaveType,"AL",LeaveDate,">="&K$13,LeaveDate,"<"&K$13+7)>0,"AL",IF(COUNTIFS(LeaveName,'設定'!$B$8,LeaveType,"SL",LeaveDate,">="&K$13,LeaveDate,"<"&K$13+7)>0,"SL",IF('設定'!$C$8="S","S",IF('設定'!$C$8="R",IF(MOD(INT((K$13-'設定'!$B$4)/7)+IF('設定'!$D$8="",0,'設定'!$D$8),16)<4,"A",IF(MOD(INT((K$13-'設定'!$B$4)/7)+IF('設定'!$D$8="",0,'設定'!$D$8),16)<8,"P",IF(MOD(INT((K$13-'設定'!$B$4)/7)+IF('設定'!$D$8="",0,'設定'!$D$8),16)<12,"N","P"))),"")))))) | L14: =IF(L$13="","",IF('設定'!$B$8="","",IF(COUNTIFS(LeaveName,'設定'!$B$8,LeaveType,"AL",LeaveDate,">="&L$13,LeaveDate,"<"&L$13+7)>0,"AL",IF(COUNTIFS(LeaveName,'設定'!$B$8,LeaveType,"SL",LeaveDate,">="&L$13,LeaveDate,"<"&L$13+7)>0,"SL",IF('設定'!$C$8="S","S",IF('設定'!$C$8="R",IF(MOD(INT((L$13-'設定'!$B$4)/7)+IF('設定'!$D$8="",0,'設定'!$D$8),16)<4,"A",IF(MOD(INT((L$13-'設定'!$B$4)/7)+IF('設定'!$D$8="",0,'設定'!$D$8),16)<8,"P",IF(MOD(INT((L$13-'設定'!$B$4)/7)+IF('設定'!$D$8="",0,'設定'!$D$8),16)<12,"N","P"))),"")))))) | M14: =IF(M$13="","",IF('設定'!$B$8="","",IF(COUNTIFS(LeaveName,'設定'!$B$8,LeaveType,"AL",LeaveDate,">="&M$13,LeaveDate,"<"&M$13+7)>0,"AL",IF(COUNTIFS(LeaveName,'設定'!$B$8,LeaveType,"SL",LeaveDate,">="&M$13,LeaveDate,"<"&M$13+7)>0,"SL",IF('設定'!$C$8="S","S",IF('設定'!$C$8="R",IF(MOD(INT((M$13-'設定'!$B$4)/7)+IF('設定'!$D$8="",0,'設定'!$D$8),16)<4,"A",IF(MOD(INT((M$13-'設定'!$B$4)/7)+IF('設定'!$D$8="",0,'設定'!$D$8),16)<8,"P",IF(MOD(INT((M$13-'設定'!$B$4)/7)+IF('設定'!$D$8="",0,'設定'!$D$8),16)<12,"N","P"))),"")))))) | N14: =IF(N$13="","",IF('設定'!$B$8="","",IF(COUNTIFS(LeaveName,'設定'!$B$8,LeaveType,"AL",LeaveDate,">="&N$13,LeaveDate,"<"&N$13+7)>0,"AL",IF(COUNTIFS(LeaveName,'設定'!$B$8,LeaveType,"SL",LeaveDate,">="&N$13,LeaveDate,"<"&N$13+7)>0,"SL",IF('設定'!$C$8="S","S",IF('設定'!$C$8="R",IF(MOD(INT((N$13-'設定'!$B$4)/7)+IF('設定'!$D$8="",0,'設定'!$D$8),16)<4,"A",IF(MOD(INT((N$13-'設定'!$B$4)/7)+IF('設定'!$D$8="",0,'設定'!$D$8),16)<8,"P",IF(MOD(INT((N$13-'設定'!$B$4)/7)+IF('設定'!$D$8="",0,'設定'!$D$8),16)<12,"N","P"))),"")))))) | ... BG14: =IF(BG$13="","",IF('設定'!$B$8="","",IF(COUNTIFS(LeaveName,'設定'!$B$8,LeaveType,"AL",LeaveDate,">="&BG$13,LeaveDate,"<"&BG$13+7)>0,"AL",IF(COUNTIFS(LeaveName,'設定'!$B$8,LeaveType,"SL",LeaveDate,">="&BG$13,LeaveDate,"<"&BG$13+7)>0,"SL",IF('設定'!$C$8="S","S",IF('設定'!$C$8="R",IF(MOD(INT((BG$13-'設定'!$B$4)/7)+IF('設定'!$D$8="",0,'設定'!$D$8),16)<4,"A",IF(MOD(INT((BG$13-'設定'!$B$4)/7)+IF('設定'!$D$8="",0,'設定'!$D$8),16)<8,"P",IF(MOD(INT((BG$13-'設定'!$B$4)/7)+IF('設定'!$D$8="",0,'設定'!$D$8),16)<12,"N","P"))),""))))))
A15: ='設定'!B9 | B15: =IF(A15="","",COUNTIFS(LeaveName,A15,LeaveType,"AL",LeaveDate,">="&DATE('設定'!$B$3,1,1),LeaveDate,"<="&DATE('設定'!$B$3,12,31))) | C15: =IF(A15="","",IF('設定'!E9="","",'設定'!E9-B15)) | D15: =IF(A15="","",E15+F15) | E15: 0 | F15: =IF(A15="","",CompYear2) | G15: =IF(G$13="","",IF('設定'!$B$9="","",IF(COUNTIFS(LeaveName,'設定'!$B$9,LeaveType,"AL",LeaveDate,">="&G$13,LeaveDate,"<"&G$13+7)>0,"AL",IF(COUNTIFS(LeaveName,'設定'!$B$9,LeaveType,"SL",LeaveDate,">="&G$13,LeaveDate,"<"&G$13+7)>0,"SL",IF('設定'!$C$9="S","S",IF('設定'!$C$9="R",IF(MOD(INT((G$13-'設定'!$B$4)/7)+IF('設定'!$D$9="",0,'設定'!$D$9),16)<4,"A",IF(MOD(INT((G$13-'設定'!$B$4)/7)+IF('設定'!$D$9="",0,'設定'!$D$9),16)<8,"P",IF(MOD(INT((G$13-'設定'!$B$4)/7)+IF('設定'!$D$9="",0,'設定'!$D$9),16)<12,"N","P"))),"")))))) | H15: =IF(H$13="","",IF('設定'!$B$9="","",IF(COUNTIFS(LeaveName,'設定'!$B$9,LeaveType,"AL",LeaveDate,">="&H$13,LeaveDate,"<"&H$13+7)>0,"AL",IF(COUNTIFS(LeaveName,'設定'!$B$9,LeaveType,"SL",LeaveDate,">="&H$13,LeaveDate,"<"&H$13+7)>0,"SL",IF('設定'!$C$9="S","S",IF('設定'!$C$9="R",IF(MOD(INT((H$13-'設定'!$B$4)/7)+IF('設定'!$D$9="",0,'設定'!$D$9),16)<4,"A",IF(MOD(INT((H$13-'設定'!$B$4)/7)+IF('設定'!$D$9="",0,'設定'!$D$9),16)<8,"P",IF(MOD(INT((H$13-'設定'!$B$4)/7)+IF('設定'!$D$9="",0,'設定'!$D$9),16)<12,"N","P"))),"")))))) | I15: =IF(I$13="","",IF('設定'!$B$9="","",IF(COUNTIFS(LeaveName,'設定'!$B$9,LeaveType,"AL",LeaveDate,">="&I$13,LeaveDate,"<"&I$13+7)>0,"AL",IF(COUNTIFS(LeaveName,'設定'!$B$9,LeaveType,"SL",LeaveDate,">="&I$13,LeaveDate,"<"&I$13+7)>0,"SL",IF('設定'!$C$9="S","S",IF('設定'!$C$9="R",IF(MOD(INT((I$13-'設定'!$B$4)/7)+IF('設定'!$D$9="",0,'設定'!$D$9),16)<4,"A",IF(MOD(INT((I$13-'設定'!$B$4)/7)+IF('設定'!$D$9="",0,'設定'!$D$9),16)<8,"P",IF(MOD(INT((I$13-'設定'!$B$4)/7)+IF('設定'!$D$9="",0,'設定'!$D$9),16)<12,"N","P"))),"")))))) | J15: =IF(J$13="","",IF('設定'!$B$9="","",IF(COUNTIFS(LeaveName,'設定'!$B$9,LeaveType,"AL",LeaveDate,">="&J$13,LeaveDate,"<"&J$13+7)>0,"AL",IF(COUNTIFS(LeaveName,'設定'!$B$9,LeaveType,"SL",LeaveDate,">="&J$13,LeaveDate,"<"&J$13+7)>0,"SL",IF('設定'!$C$9="S","S",IF('設定'!$C$9="R",IF(MOD(INT((J$13-'設定'!$B$4)/7)+IF('設定'!$D$9="",0,'設定'!$D$9),16)<4,"A",IF(MOD(INT((J$13-'設定'!$B$4)/7)+IF('設定'!$D$9="",0,'設定'!$D$9),16)<8,"P",IF(MOD(INT((J$13-'設定'!$B$4)/7)+IF('設定'!$D$9="",0,'設定'!$D$9),16)<12,"N","P"))),"")))))) | K15: =IF(K$13="","",IF('設定'!$B$9="","",IF(COUNTIFS(LeaveName,'設定'!$B$9,LeaveType,"AL",LeaveDate,">="&K$13,LeaveDate,"<"&K$13+7)>0,"AL",IF(COUNTIFS(LeaveName,'設定'!$B$9,LeaveType,"SL",LeaveDate,">="&K$13,LeaveDate,"<"&K$13+7)>0,"SL",IF('設定'!$C$9="S","S",IF('設定'!$C$9="R",IF(MOD(INT((K$13-'設定'!$B$4)/7)+IF('設定'!$D$9="",0,'設定'!$D$9),16)<4,"A",IF(MOD(INT((K$13-'設定'!$B$4)/7)+IF('設定'!$D$9="",0,'設定'!$D$9),16)<8,"P",IF(MOD(INT((K$13-'設定'!$B$4)/7)+IF('設定'!$D$9="",0,'設定'!$D$9),16)<12,"N","P"))),"")))))) | L15: =IF(L$13="","",IF('設定'!$B$9="","",IF(COUNTIFS(LeaveName,'設定'!$B$9,LeaveType,"AL",LeaveDate,">="&L$13,LeaveDate,"<"&L$13+7)>0,"AL",IF(COUNTIFS(LeaveName,'設定'!$B$9,LeaveType,"SL",LeaveDate,">="&L$13,LeaveDate,"<"&L$13+7)>0,"SL",IF('設定'!$C$9="S","S",IF('設定'!$C$9="R",IF(MOD(INT((L$13-'設定'!$B$4)/7)+IF('設定'!$D$9="",0,'設定'!$D$9),16)<4,"A",IF(MOD(INT((L$13-'設定'!$B$4)/7)+IF('設定'!$D$9="",0,'設定'!$D$9),16)<8,"P",IF(MOD(INT((L$13-'設定'!$B$4)/7)+IF('設定'!$D$9="",0,'設定'!$D$9),16)<12,"N","P"))),"")))))) | M15: =IF(M$13="","",IF('設定'!$B$9="","",IF(COUNTIFS(LeaveName,'設定'!$B$9,LeaveType,"AL",LeaveDate,">="&M$13,LeaveDate,"<"&M$13+7)>0,"AL",IF(COUNTIFS(LeaveName,'設定'!$B$9,LeaveType,"SL",LeaveDate,">="&M$13,LeaveDate,"<"&M$13+7)>0,"SL",IF('設定'!$C$9="S","S",IF('設定'!$C$9="R",IF(MOD(INT((M$13-'設定'!$B$4)/7)+IF('設定'!$D$9="",0,'設定'!$D$9),16)<4,"A",IF(MOD(INT((M$13-'設定'!$B$4)/7)+IF('設定'!$D$9="",0,'設定'!$D$9),16)<8,"P",IF(MOD(INT((M$13-'設定'!$B$4)/7)+IF('設定'!$D$9="",0,'設定'!$D$9),16)<12,"N","P"))),"")))))) | N15: =IF(N$13="","",IF('設定'!$B$9="","",IF(COUNTIFS(LeaveName,'設定'!$B$9,LeaveType,"AL",LeaveDate,">="&N$13,LeaveDate,"<"&N$13+7)>0,"AL",IF(COUNTIFS(LeaveName,'設定'!$B$9,LeaveType,"SL",LeaveDate,">="&N$13,LeaveDate,"<"&N$13+7)>0,"SL",IF('設定'!$C$9="S","S",IF('設定'!$C$9="R",IF(MOD(INT((N$13-'設定'!$B$4)/7)+IF('設定'!$D$9="",0,'設定'!$D$9),16)<4,"A",IF(MOD(INT((N$13-'設定'!$B$4)/7)+IF('設定'!$D$9="",0,'設定'!$D$9),16)<8,"P",IF(MOD(INT((N$13-'設定'!$B$4)/7)+IF('設定'!$D$9="",0,'設定'!$D$9),16)<12,"N","P"))),"")))))) | ... BG15: =IF(BG$13="","",IF('設定'!$B$9="","",IF(COUNTIFS(LeaveName,'設定'!$B$9,LeaveType,"AL",LeaveDate,">="&BG$13,LeaveDate,"<"&BG$13+7)>0,"AL",IF(COUNTIFS(LeaveName,'設定'!$B$9,LeaveType,"SL",LeaveDate,">="&BG$13,LeaveDate,"<"&BG$13+7)>0,"SL",IF('設定'!$C$9="S","S",IF('設定'!$C$9="R",IF(MOD(INT((BG$13-'設定'!$B$4)/7)+IF('設定'!$D$9="",0,'設定'!$D$9),16)<4,"A",IF(MOD(INT((BG$13-'設定'!$B$4)/7)+IF('設定'!$D$9="",0,'設定'!$D$9),16)<8,"P",IF(MOD(INT((BG$13-'設定'!$B$4)/7)+IF('設定'!$D$9="",0,'設定'!$D$9),16)<12,"N","P"))),""))))))
A16: ='設定'!B10 | B16: =IF(A16="","",COUNTIFS(LeaveName,A16,LeaveType,"AL",LeaveDate,">="&DATE('設定'!$B$3,1,1),LeaveDate,"<="&DATE('設定'!$B$3,12,31))) | C16: =IF(A16="","",IF('設定'!E10="","",'設定'!E10-B16)) | D16: =IF(A16="","",E16+F16) | E16: 0 | F16: =IF(A16="","",CompYear3) | G16: =IF(G$13="","",IF('設定'!$B$10="","",IF(COUNTIFS(LeaveName,'設定'!$B$10,LeaveType,"AL",LeaveDate,">="&G$13,LeaveDate,"<"&G$13+7)>0,"AL",IF(COUNTIFS(LeaveName,'設定'!$B$10,LeaveType,"SL",LeaveDate,">="&G$13,LeaveDate,"<"&G$13+7)>0,"SL",IF('設定'!$C$10="S","S",IF('設定'!$C$10="R",IF(MOD(INT((G$13-'設定'!$B$4)/7)+IF('設定'!$D$10="",0,'設定'!$D$10),16)<4,"A",IF(MOD(INT((G$13-'設定'!$B$4)/7)+IF('設定'!$D$10="",0,'設定'!$D$10),16)<8,"P",IF(MOD(INT((G$13-'設定'!$B$4)/7)+IF('設定'!$D$10="",0,'設定'!$D$10),16)<12,"N","P"))),"")))))) | H16: =IF(H$13="","",IF('設定'!$B$10="","",IF(COUNTIFS(LeaveName,'設定'!$B$10,LeaveType,"AL",LeaveDate,">="&H$13,LeaveDate,"<"&H$13+7)>0,"AL",IF(COUNTIFS(LeaveName,'設定'!$B$10,LeaveType,"SL",LeaveDate,">="&H$13,LeaveDate,"<"&H$13+7)>0,"SL",IF('設定'!$C$10="S","S",IF('設定'!$C$10="R",IF(MOD(INT((H$13-'設定'!$B$4)/7)+IF('設定'!$D$10="",0,'設定'!$D$10),16)<4,"A",IF(MOD(INT((H$13-'設定'!$B$4)/7)+IF('設定'!$D$10="",0,'設定'!$D$10),16)<8,"P",IF(MOD(INT((H$13-'設定'!$B$4)/7)+IF('設定'!$D$10="",0,'設定'!$D$10),16)<12,"N","P"))),"")))))) | I16: =IF(I$13="","",IF('設定'!$B$10="","",IF(COUNTIFS(LeaveName,'設定'!$B$10,LeaveType,"AL",LeaveDate,">="&I$13,LeaveDate,"<"&I$13+7)>0,"AL",IF(COUNTIFS(LeaveName,'設定'!$B$10,LeaveType,"SL",LeaveDate,">="&I$13,LeaveDate,"<"&I$13+7)>0,"SL",IF('設定'!$C$10="S","S",IF('設定'!$C$10="R",IF(MOD(INT((I$13-'設定'!$B$4)/7)+IF('設定'!$D$10="",0,'設定'!$D$10),16)<4,"A",IF(MOD(INT((I$13-'設定'!$B$4)/7)+IF('設定'!$D$10="",0,'設定'!$D$10),16)<8,"P",IF(MOD(INT((I$13-'設定'!$B$4)/7)+IF('設定'!$D$10="",0,'設定'!$D$10),16)<12,"N","P"))),"")))))) | J16: =IF(J$13="","",IF('設定'!$B$10="","",IF(COUNTIFS(LeaveName,'設定'!$B$10,LeaveType,"AL",LeaveDate,">="&J$13,LeaveDate,"<"&J$13+7)>0,"AL",IF(COUNTIFS(LeaveName,'設定'!$B$10,LeaveType,"SL",LeaveDate,">="&J$13,LeaveDate,"<"&J$13+7)>0,"SL",IF('設定'!$C$10="S","S",IF('設定'!$C$10="R",IF(MOD(INT((J$13-'設定'!$B$4)/7)+IF('設定'!$D$10="",0,'設定'!$D$10),16)<4,"A",IF(MOD(INT((J$13-'設定'!$B$4)/7)+IF('設定'!$D$10="",0,'設定'!$D$10),16)<8,"P",IF(MOD(INT((J$13-'設定'!$B$4)/7)+IF('設定'!$D$10="",0,'設定'!$D$10),16)<12,"N","P"))),"")))))) | K16: =IF(K$13="","",IF('設定'!$B$10="","",IF(COUNTIFS(LeaveName,'設定'!$B$10,LeaveType,"AL",LeaveDate,">="&K$13,LeaveDate,"<"&K$13+7)>0,"AL",IF(COUNTIFS(LeaveName,'設定'!$B$10,LeaveType,"SL",LeaveDate,">="&K$13,LeaveDate,"<"&K$13+7)>0,"SL",IF('設定'!$C$10="S","S",IF('設定'!$C$10="R",IF(MOD(INT((K$13-'設定'!$B$4)/7)+IF('設定'!$D$10="",0,'設定'!$D$10),16)<4,"A",IF(MOD(INT((K$13-'設定'!$B$4)/7)+IF('設定'!$D$10="",0,'設定'!$D$10),16)<8,"P",IF(MOD(INT((K$13-'設定'!$B$4)/7)+IF('設定'!$D$10="",0,'設定'!$D$10),16)<12,"N","P"))),"")))))) | L16: =IF(L$13="","",IF('設定'!$B$10="","",IF(COUNTIFS(LeaveName,'設定'!$B$10,LeaveType,"AL",LeaveDate,">="&L$13,LeaveDate,"<"&L$13+7)>0,"AL",IF(COUNTIFS(LeaveName,'設定'!$B$10,LeaveType,"SL",LeaveDate,">="&L$13,LeaveDate,"<"&L$13+7)>0,"SL",IF('設定'!$C$10="S","S",IF('設定'!$C$10="R",IF(MOD(INT((L$13-'設定'!$B$4)/7)+IF('設定'!$D$10="",0,'設定'!$D$10),16)<4,"A",IF(MOD(INT((L$13-'設定'!$B$4)/7)+IF('設定'!$D$10="",0,'設定'!$D$10),16)<8,"P",IF(MOD(INT((L$13-'設定'!$B$4)/7)+IF('設定'!$D$10="",0,'設定'!$D$10),16)<12,"N","P"))),"")))))) | M16: =IF(M$13="","",IF('設定'!$B$10="","",IF(COUNTIFS(LeaveName,'設定'!$B$10,LeaveType,"AL",LeaveDate,">="&M$13,LeaveDate,"<"&M$13+7)>0,"AL",IF(COUNTIFS(LeaveName,'設定'!$B$10,LeaveType,"SL",LeaveDate,">="&M$13,LeaveDate,"<"&M$13+7)>0,"SL",IF('設定'!$C$10="S","S",IF('設定'!$C$10="R",IF(MOD(INT((M$13-'設定'!$B$4)/7)+IF('設定'!$D$10="",0,'設定'!$D$10),16)<4,"A",IF(MOD(INT((M$13-'設定'!$B$4)/7)+IF('設定'!$D$10="",0,'設定'!$D$10),16)<8,"P",IF(MOD(INT((M$13-'設定'!$B$4)/7)+IF('設定'!$D$10="",0,'設定'!$D$10),16)<12,"N","P"))),"")))))) | N16: =IF(N$13="","",IF('設定'!$B$10="","",IF(COUNTIFS(LeaveName,'設定'!$B$10,LeaveType,"AL",LeaveDate,">="&N$13,LeaveDate,"<"&N$13+7)>0,"AL",IF(COUNTIFS(LeaveName,'設定'!$B$10,LeaveType,"SL",LeaveDate,">="&N$13,LeaveDate,"<"&N$13+7)>0,"SL",IF('設定'!$C$10="S","S",IF('設定'!$C$10="R",IF(MOD(INT((N$13-'設定'!$B$4)/7)+IF('設定'!$D$10="",0,'設定'!$D$10),16)<4,"A",IF(MOD(INT((N$13-'設定'!$B$4)/7)+IF('設定'!$D$10="",0,'設定'!$D$10),16)<8,"P",IF(MOD(INT((N$13-'設定'!$B$4)/7)+IF('設定'!$D$10="",0,'設定'!$D$10),16)<12,"N","P"))),"")))))) | ... BG16: =IF(BG$13="","",IF('設定'!$B$10="","",IF(COUNTIFS(LeaveName,'設定'!$B$10,LeaveType,"AL",LeaveDate,">="&BG$13,LeaveDate,"<"&BG$13+7)>0,"AL",IF(COUNTIFS(LeaveName,'設定'!$B$10,LeaveType,"SL",LeaveDate,">="&BG$13,LeaveDate,"<"&BG$13+7)>0,"SL",IF('設定'!$C$10="S","S",IF('設定'!$C$10="R",IF(MOD(INT((BG$13-'設定'!$B$4)/7)+IF('設定'!$D$10="",0,'設定'!$D$10),16)<4,"A",IF(MOD(INT((BG$13-'設定'!$B$4)/7)+IF('設定'!$D$10="",0,'設定'!$D$10),16)<8,"P",IF(MOD(INT((BG$13-'設定'!$B$4)/7)+IF('設定'!$D$10="",0,'設定'!$D$10),16)<12,"N","P"))),""))))))
A17: ='設定'!B11 | B17: =IF(A17="","",COUNTIFS(LeaveName,A17,LeaveType,"AL",LeaveDate,">="&DATE('設定'!$B$3,1,1),LeaveDate,"<="&DATE('設定'!$B$3,12,31))) | C17: =IF(A17="","",IF('設定'!E11="","",'設定'!E11-B17)) | D17: =IF(A17="","",E17+F17) | E17: 0 | F17: =IF(A17="","",CompYear4) | G17: =IF(G$13="","",IF('設定'!$B$11="","",IF(COUNTIFS(LeaveName,'設定'!$B$11,LeaveType,"AL",LeaveDate,">="&G$13,LeaveDate,"<"&G$13+7)>0,"AL",IF(COUNTIFS(LeaveName,'設定'!$B$11,LeaveType,"SL",LeaveDate,">="&G$13,LeaveDate,"<"&G$13+7)>0,"SL",IF('設定'!$C$11="S","S",IF('設定'!$C$11="R",IF(MOD(INT((G$13-'設定'!$B$4)/7)+IF('設定'!$D$11="",0,'設定'!$D$11),16)<4,"A",IF(MOD(INT((G$13-'設定'!$B$4)/7)+IF('設定'!$D$11="",0,'設定'!$D$11),16)<8,"P",IF(MOD(INT((G$13-'設定'!$B$4)/7)+IF('設定'!$D$11="",0,'設定'!$D$11),16)<12,"N","P"))),"")))))) | H17: =IF(H$13="","",IF('設定'!$B$11="","",IF(COUNTIFS(LeaveName,'設定'!$B$11,LeaveType,"AL",LeaveDate,">="&H$13,LeaveDate,"<"&H$13+7)>0,"AL",IF(COUNTIFS(LeaveName,'設定'!$B$11,LeaveType,"SL",LeaveDate,">="&H$13,LeaveDate,"<"&H$13+7)>0,"SL",IF('設定'!$C$11="S","S",IF('設定'!$C$11="R",IF(MOD(INT((H$13-'設定'!$B$4)/7)+IF('設定'!$D$11="",0,'設定'!$D$11),16)<4,"A",IF(MOD(INT((H$13-'設定'!$B$4)/7)+IF('設定'!$D$11="",0,'設定'!$D$11),16)<8,"P",IF(MOD(INT((H$13-'設定'!$B$4)/7)+IF('設定'!$D$11="",0,'設定'!$D$11),16)<12,"N","P"))),"")))))) | I17: =IF(I$13="","",IF('設定'!$B$11="","",IF(COUNTIFS(LeaveName,'設定'!$B$11,LeaveType,"AL",LeaveDate,">="&I$13,LeaveDate,"<"&I$13+7)>0,"AL",IF(COUNTIFS(LeaveName,'設定'!$B$11,LeaveType,"SL",LeaveDate,">="&I$13,LeaveDate,"<"&I$13+7)>0,"SL",IF('設定'!$C$11="S","S",IF('設定'!$C$11="R",IF(MOD(INT((I$13-'設定'!$B$4)/7)+IF('設定'!$D$11="",0,'設定'!$D$11),16)<4,"A",IF(MOD(INT((I$13-'設定'!$B$4)/7)+IF('設定'!$D$11="",0,'設定'!$D$11),16)<8,"P",IF(MOD(INT((I$13-'設定'!$B$4)/7)+IF('設定'!$D$11="",0,'設定'!$D$11),16)<12,"N","P"))),"")))))) | J17: =IF(J$13="","",IF('設定'!$B$11="","",IF(COUNTIFS(LeaveName,'設定'!$B$11,LeaveType,"AL",LeaveDate,">="&J$13,LeaveDate,"<"&J$13+7)>0,"AL",IF(COUNTIFS(LeaveName,'設定'!$B$11,LeaveType,"SL",LeaveDate,">="&J$13,LeaveDate,"<"&J$13+7)>0,"SL",IF('設定'!$C$11="S","S",IF('設定'!$C$11="R",IF(MOD(INT((J$13-'設定'!$B$4)/7)+IF('設定'!$D$11="",0,'設定'!$D$11),16)<4,"A",IF(MOD(INT((J$13-'設定'!$B$4)/7)+IF('設定'!$D$11="",0,'設定'!$D$11),16)<8,"P",IF(MOD(INT((J$13-'設定'!$B$4)/7)+IF('設定'!$D$11="",0,'設定'!$D$11),16)<12,"N","P"))),"")))))) | K17: =IF(K$13="","",IF('設定'!$B$11="","",IF(COUNTIFS(LeaveName,'設定'!$B$11,LeaveType,"AL",LeaveDate,">="&K$13,LeaveDate,"<"&K$13+7)>0,"AL",IF(COUNTIFS(LeaveName,'設定'!$B$11,LeaveType,"SL",LeaveDate,">="&K$13,LeaveDate,"<"&K$13+7)>0,"SL",IF('設定'!$C$11="S","S",IF('設定'!$C$11="R",IF(MOD(INT((K$13-'設定'!$B$4)/7)+IF('設定'!$D$11="",0,'設定'!$D$11),16)<4,"A",IF(MOD(INT((K$13-'設定'!$B$4)/7)+IF('設定'!$D$11="",0,'設定'!$D$11),16)<8,"P",IF(MOD(INT((K$13-'設定'!$B$4)/7)+IF('設定'!$D$11="",0,'設定'!$D$11),16)<12,"N","P"))),"")))))) | L17: =IF(L$13="","",IF('設定'!$B$11="","",IF(COUNTIFS(LeaveName,'設定'!$B$11,LeaveType,"AL",LeaveDate,">="&L$13,LeaveDate,"<"&L$13+7)>0,"AL",IF(COUNTIFS(LeaveName,'設定'!$B$11,LeaveType,"SL",LeaveDate,">="&L$13,LeaveDate,"<"&L$13+7)>0,"SL",IF('設定'!$C$11="S","S",IF('設定'!$C$11="R",IF(MOD(INT((L$13-'設定'!$B$4)/7)+IF('設定'!$D$11="",0,'設定'!$D$11),16)<4,"A",IF(MOD(INT((L$13-'設定'!$B$4)/7)+IF('設定'!$D$11="",0,'設定'!$D$11),16)<8,"P",IF(MOD(INT((L$13-'設定'!$B$4)/7)+IF('設定'!$D$11="",0,'設定'!$D$11),16)<12,"N","P"))),"")))))) | M17: =IF(M$13="","",IF('設定'!$B$11="","",IF(COUNTIFS(LeaveName,'設定'!$B$11,LeaveType,"AL",LeaveDate,">="&M$13,LeaveDate,"<"&M$13+7)>0,"AL",IF(COUNTIFS(LeaveName,'設定'!$B$11,LeaveType,"SL",LeaveDate,">="&M$13,LeaveDate,"<"&M$13+7)>0,"SL",IF('設定'!$C$11="S","S",IF('設定'!$C$11="R",IF(MOD(INT((M$13-'設定'!$B$4)/7)+IF('設定'!$D$11="",0,'設定'!$D$11),16)<4,"A",IF(MOD(INT((M$13-'設定'!$B$4)/7)+IF('設定'!$D$11="",0,'設定'!$D$11),16)<8,"P",IF(MOD(INT((M$13-'設定'!$B$4)/7)+IF('設定'!$D$11="",0,'設定'!$D$11),16)<12,"N","P"))),"")))))) | N17: =IF(N$13="","",IF('設定'!$B$11="","",IF(COUNTIFS(LeaveName,'設定'!$B$11,LeaveType,"AL",LeaveDate,">="&N$13,LeaveDate,"<"&N$13+7)>0,"AL",IF(COUNTIFS(LeaveName,'設定'!$B$11,LeaveType,"SL",LeaveDate,">="&N$13,LeaveDate,"<"&N$13+7)>0,"SL",IF('設定'!$C$11="S","S",IF('設定'!$C$11="R",IF(MOD(INT((N$13-'設定'!$B$4)/7)+IF('設定'!$D$11="",0,'設定'!$D$11),16)<4,"A",IF(MOD(INT((N$13-'設定'!$B$4)/7)+IF('設定'!$D$11="",0,'設定'!$D$11),16)<8,"P",IF(MOD(INT((N$13-'設定'!$B$4)/7)+IF('設定'!$D$11="",0,'設定'!$D$11),16)<12,"N","P"))),"")))))) | ... BG17: =IF(BG$13="","",IF('設定'!$B$11="","",IF(COUNTIFS(LeaveName,'設定'!$B$11,LeaveType,"AL",LeaveDate,">="&BG$13,LeaveDate,"<"&BG$13+7)>0,"AL",IF(COUNTIFS(LeaveName,'設定'!$B$11,LeaveType,"SL",LeaveDate,">="&BG$13,LeaveDate,"<"&BG$13+7)>0,"SL",IF('設定'!$C$11="S","S",IF('設定'!$C$11="R",IF(MOD(INT((BG$13-'設定'!$B$4)/7)+IF('設定'!$D$11="",0,'設定'!$D$11),16)<4,"A",IF(MOD(INT((BG$13-'設定'!$B$4)/7)+IF('設定'!$D$11="",0,'設定'!$D$11),16)<8,"P",IF(MOD(INT((BG$13-'設定'!$B$4)/7)+IF('設定'!$D$11="",0,'設定'!$D$11),16)<12,"N","P"))),""))))))
A18: ='設定'!B12 | B18: =IF(A18="","",COUNTIFS(LeaveName,A18,LeaveType,"AL",LeaveDate,">="&DATE('設定'!$B$3,1,1),LeaveDate,"<="&DATE('設定'!$B$3,12,31))) | C18: =IF(A18="","",IF('設定'!E12="","",'設定'!E12-B18)) | D18: =IF(A18="","",E18+F18) | E18: 0 | F18: =IF(A18="","",CompYear5) | G18: =IF(G$13="","",IF('設定'!$B$12="","",IF(COUNTIFS(LeaveName,'設定'!$B$12,LeaveType,"AL",LeaveDate,">="&G$13,LeaveDate,"<"&G$13+7)>0,"AL",IF(COUNTIFS(LeaveName,'設定'!$B$12,LeaveType,"SL",LeaveDate,">="&G$13,LeaveDate,"<"&G$13+7)>0,"SL",IF('設定'!$C$12="S","S",IF('設定'!$C$12="R",IF(MOD(INT((G$13-'設定'!$B$4)/7)+IF('設定'!$D$12="",0,'設定'!$D$12),16)<4,"A",IF(MOD(INT((G$13-'設定'!$B$4)/7)+IF('設定'!$D$12="",0,'設定'!$D$12),16)<8,"P",IF(MOD(INT((G$13-'設定'!$B$4)/7)+IF('設定'!$D$12="",0,'設定'!$D$12),16)<12,"N","P"))),"")))))) | H18: =IF(H$13="","",IF('設定'!$B$12="","",IF(COUNTIFS(LeaveName,'設定'!$B$12,LeaveType,"AL",LeaveDate,">="&H$13,LeaveDate,"<"&H$13+7)>0,"AL",IF(COUNTIFS(LeaveName,'設定'!$B$12,LeaveType,"SL",LeaveDate,">="&H$13,LeaveDate,"<"&H$13+7)>0,"SL",IF('設定'!$C$12="S","S",IF('設定'!$C$12="R",IF(MOD(INT((H$13-'設定'!$B$4)/7)+IF('設定'!$D$12="",0,'設定'!$D$12),16)<4,"A",IF(MOD(INT((H$13-'設定'!$B$4)/7)+IF('設定'!$D$12="",0,'設定'!$D$12),16)<8,"P",IF(MOD(INT((H$13-'設定'!$B$4)/7)+IF('設定'!$D$12="",0,'設定'!$D$12),16)<12,"N","P"))),"")))))) | I18: =IF(I$13="","",IF('設定'!$B$12="","",IF(COUNTIFS(LeaveName,'設定'!$B$12,LeaveType,"AL",LeaveDate,">="&I$13,LeaveDate,"<"&I$13+7)>0,"AL",IF(COUNTIFS(LeaveName,'設定'!$B$12,LeaveType,"SL",LeaveDate,">="&I$13,LeaveDate,"<"&I$13+7)>0,"SL",IF('設定'!$C$12="S","S",IF('設定'!$C$12="R",IF(MOD(INT((I$13-'設定'!$B$4)/7)+IF('設定'!$D$12="",0,'設定'!$D$12),16)<4,"A",IF(MOD(INT((I$13-'設定'!$B$4)/7)+IF('設定'!$D$12="",0,'設定'!$D$12),16)<8,"P",IF(MOD(INT((I$13-'設定'!$B$4)/7)+IF('設定'!$D$12="",0,'設定'!$D$12),16)<12,"N","P"))),"")))))) | J18: =IF(J$13="","",IF('設定'!$B$12="","",IF(COUNTIFS(LeaveName,'設定'!$B$12,LeaveType,"AL",LeaveDate,">="&J$13,LeaveDate,"<"&J$13+7)>0,"AL",IF(COUNTIFS(LeaveName,'設定'!$B$12,LeaveType,"SL",LeaveDate,">="&J$13,LeaveDate,"<"&J$13+7)>0,"SL",IF('設定'!$C$12="S","S",IF('設定'!$C$12="R",IF(MOD(INT((J$13-'設定'!$B$4)/7)+IF('設定'!$D$12="",0,'設定'!$D$12),16)<4,"A",IF(MOD(INT((J$13-'設定'!$B$4)/7)+IF('設定'!$D$12="",0,'設定'!$D$12),16)<8,"P",IF(MOD(INT((J$13-'設定'!$B$4)/7)+IF('設定'!$D$12="",0,'設定'!$D$12),16)<12,"N","P"))),"")))))) | K18: =IF(K$13="","",IF('設定'!$B$12="","",IF(COUNTIFS(LeaveName,'設定'!$B$12,LeaveType,"AL",LeaveDate,">="&K$13,LeaveDate,"<"&K$13+7)>0,"AL",IF(COUNTIFS(LeaveName,'設定'!$B$12,LeaveType,"SL",LeaveDate,">="&K$13,LeaveDate,"<"&K$13+7)>0,"SL",IF('設定'!$C$12="S","S",IF('設定'!$C$12="R",IF(MOD(INT((K$13-'設定'!$B$4)/7)+IF('設定'!$D$12="",0,'設定'!$D$12),16)<4,"A",IF(MOD(INT((K$13-'設定'!$B$4)/7)+IF('設定'!$D$12="",0,'設定'!$D$12),16)<8,"P",IF(MOD(INT((K$13-'設定'!$B$4)/7)+IF('設定'!$D$12="",0,'設定'!$D$12),16)<12,"N","P"))),"")))))) | L18: =IF(L$13="","",IF('設定'!$B$12="","",IF(COUNTIFS(LeaveName,'設定'!$B$12,LeaveType,"AL",LeaveDate,">="&L$13,LeaveDate,"<"&L$13+7)>0,"AL",IF(COUNTIFS(LeaveName,'設定'!$B$12,LeaveType,"SL",LeaveDate,">="&L$13,LeaveDate,"<"&L$13+7)>0,"SL",IF('設定'!$C$12="S","S",IF('設定'!$C$12="R",IF(MOD(INT((L$13-'設定'!$B$4)/7)+IF('設定'!$D$12="",0,'設定'!$D$12),16)<4,"A",IF(MOD(INT((L$13-'設定'!$B$4)/7)+IF('設定'!$D$12="",0,'設定'!$D$12),16)<8,"P",IF(MOD(INT((L$13-'設定'!$B$4)/7)+IF('設定'!$D$12="",0,'設定'!$D$12),16)<12,"N","P"))),"")))))) | M18: =IF(M$13="","",IF('設定'!$B$12="","",IF(COUNTIFS(LeaveName,'設定'!$B$12,LeaveType,"AL",LeaveDate,">="&M$13,LeaveDate,"<"&M$13+7)>0,"AL",IF(COUNTIFS(LeaveName,'設定'!$B$12,LeaveType,"SL",LeaveDate,">="&M$13,LeaveDate,"<"&M$13+7)>0,"SL",IF('設定'!$C$12="S","S",IF('設定'!$C$12="R",IF(MOD(INT((M$13-'設定'!$B$4)/7)+IF('設定'!$D$12="",0,'設定'!$D$12),16)<4,"A",IF(MOD(INT((M$13-'設定'!$B$4)/7)+IF('設定'!$D$12="",0,'設定'!$D$12),16)<8,"P",IF(MOD(INT((M$13-'設定'!$B$4)/7)+IF('設定'!$D$12="",0,'設定'!$D$12),16)<12,"N","P"))),"")))))) | N18: =IF(N$13="","",IF('設定'!$B$12="","",IF(COUNTIFS(LeaveName,'設定'!$B$12,LeaveType,"AL",LeaveDate,">="&N$13,LeaveDate,"<"&N$13+7)>0,"AL",IF(COUNTIFS(LeaveName,'設定'!$B$12,LeaveType,"SL",LeaveDate,">="&N$13,LeaveDate,"<"&N$13+7)>0,"SL",IF('設定'!$C$12="S","S",IF('設定'!$C$12="R",IF(MOD(INT((N$13-'設定'!$B$4)/7)+IF('設定'!$D$12="",0,'設定'!$D$12),16)<4,"A",IF(MOD(INT((N$13-'設定'!$B$4)/7)+IF('設定'!$D$12="",0,'設定'!$D$12),16)<8,"P",IF(MOD(INT((N$13-'設定'!$B$4)/7)+IF('設定'!$D$12="",0,'設定'!$D$12),16)<12,"N","P"))),"")))))) | ... BG18: =IF(BG$13="","",IF('設定'!$B$12="","",IF(COUNTIFS(LeaveName,'設定'!$B$12,LeaveType,"AL",LeaveDate,">="&BG$13,LeaveDate,"<"&BG$13+7)>0,"AL",IF(COUNTIFS(LeaveName,'設定'!$B$12,LeaveType,"SL",LeaveDate,">="&BG$13,LeaveDate,"<"&BG$13+7)>0,"SL",IF('設定'!$C$12="S","S",IF('設定'!$C$12="R",IF(MOD(INT((BG$13-'設定'!$B$4)/7)+IF('設定'!$D$12="",0,'設定'!$D$12),16)<4,"A",IF(MOD(INT((BG$13-'設定'!$B$4)/7)+IF('設定'!$D$12="",0,'設定'!$D$12),16)<8,"P",IF(MOD(INT((BG$13-'設定'!$B$4)/7)+IF('設定'!$D$12="",0,'設定'!$D$12),16)<12,"N","P"))),""))))))
A19: ='設定'!B13 | B19: =IF(A19="","",COUNTIFS(LeaveName,A19,LeaveType,"AL",LeaveDate,">="&DATE('設定'!$B$3,1,1),LeaveDate,"<="&DATE('設定'!$B$3,12,31))) | C19: =IF(A19="","",IF('設定'!E13="","",'設定'!E13-B19)) | D19: =IF(A19="","",E19+F19) | F19: =IF(A19="","",CompYear6) | G19: =IF(G$13="","",IF('設定'!$B$13="","",IF(COUNTIFS(LeaveName,'設定'!$B$13,LeaveType,"AL",LeaveDate,">="&G$13,LeaveDate,"<"&G$13+7)>0,"AL",IF(COUNTIFS(LeaveName,'設定'!$B$13,LeaveType,"SL",LeaveDate,">="&G$13,LeaveDate,"<"&G$13+7)>0,"SL",IF('設定'!$C$13="S","S",IF('設定'!$C$13="R",IF(MOD(INT((G$13-'設定'!$B$4)/7)+IF('設定'!$D$13="",0,'設定'!$D$13),16)<4,"A",IF(MOD(INT((G$13-'設定'!$B$4)/7)+IF('設定'!$D$13="",0,'設定'!$D$13),16)<8,"P",IF(MOD(INT((G$13-'設定'!$B$4)/7)+IF('設定'!$D$13="",0,'設定'!$D$13),16)<12,"N","P"))),"")))))) | H19: =IF(H$13="","",IF('設定'!$B$13="","",IF(COUNTIFS(LeaveName,'設定'!$B$13,LeaveType,"AL",LeaveDate,">="&H$13,LeaveDate,"<"&H$13+7)>0,"AL",IF(COUNTIFS(LeaveName,'設定'!$B$13,LeaveType,"SL",LeaveDate,">="&H$13,LeaveDate,"<"&H$13+7)>0,"SL",IF('設定'!$C$13="S","S",IF('設定'!$C$13="R",IF(MOD(INT((H$13-'設定'!$B$4)/7)+IF('設定'!$D$13="",0,'設定'!$D$13),16)<4,"A",IF(MOD(INT((H$13-'設定'!$B$4)/7)+IF('設定'!$D$13="",0,'設定'!$D$13),16)<8,"P",IF(MOD(INT((H$13-'設定'!$B$4)/7)+IF('設定'!$D$13="",0,'設定'!$D$13),16)<12,"N","P"))),"")))))) | I19: =IF(I$13="","",IF('設定'!$B$13="","",IF(COUNTIFS(LeaveName,'設定'!$B$13,LeaveType,"AL",LeaveDate,">="&I$13,LeaveDate,"<"&I$13+7)>0,"AL",IF(COUNTIFS(LeaveName,'設定'!$B$13,LeaveType,"SL",LeaveDate,">="&I$13,LeaveDate,"<"&I$13+7)>0,"SL",IF('設定'!$C$13="S","S",IF('設定'!$C$13="R",IF(MOD(INT((I$13-'設定'!$B$4)/7)+IF('設定'!$D$13="",0,'設定'!$D$13),16)<4,"A",IF(MOD(INT((I$13-'設定'!$B$4)/7)+IF('設定'!$D$13="",0,'設定'!$D$13),16)<8,"P",IF(MOD(INT((I$13-'設定'!$B$4)/7)+IF('設定'!$D$13="",0,'設定'!$D$13),16)<12,"N","P"))),"")))))) | J19: =IF(J$13="","",IF('設定'!$B$13="","",IF(COUNTIFS(LeaveName,'設定'!$B$13,LeaveType,"AL",LeaveDate,">="&J$13,LeaveDate,"<"&J$13+7)>0,"AL",IF(COUNTIFS(LeaveName,'設定'!$B$13,LeaveType,"SL",LeaveDate,">="&J$13,LeaveDate,"<"&J$13+7)>0,"SL",IF('設定'!$C$13="S","S",IF('設定'!$C$13="R",IF(MOD(INT((J$13-'設定'!$B$4)/7)+IF('設定'!$D$13="",0,'設定'!$D$13),16)<4,"A",IF(MOD(INT((J$13-'設定'!$B$4)/7)+IF('設定'!$D$13="",0,'設定'!$D$13),16)<8,"P",IF(MOD(INT((J$13-'設定'!$B$4)/7)+IF('設定'!$D$13="",0,'設定'!$D$13),16)<12,"N","P"))),"")))))) | K19: =IF(K$13="","",IF('設定'!$B$13="","",IF(COUNTIFS(LeaveName,'設定'!$B$13,LeaveType,"AL",LeaveDate,">="&K$13,LeaveDate,"<"&K$13+7)>0,"AL",IF(COUNTIFS(LeaveName,'設定'!$B$13,LeaveType,"SL",LeaveDate,">="&K$13,LeaveDate,"<"&K$13+7)>0,"SL",IF('設定'!$C$13="S","S",IF('設定'!$C$13="R",IF(MOD(INT((K$13-'設定'!$B$4)/7)+IF('設定'!$D$13="",0,'設定'!$D$13),16)<4,"A",IF(MOD(INT((K$13-'設定'!$B$4)/7)+IF('設定'!$D$13="",0,'設定'!$D$13),16)<8,"P",IF(MOD(INT((K$13-'設定'!$B$4)/7)+IF('設定'!$D$13="",0,'設定'!$D$13),16)<12,"N","P"))),"")))))) | L19: =IF(L$13="","",IF('設定'!$B$13="","",IF(COUNTIFS(LeaveName,'設定'!$B$13,LeaveType,"AL",LeaveDate,">="&L$13,LeaveDate,"<"&L$13+7)>0,"AL",IF(COUNTIFS(LeaveName,'設定'!$B$13,LeaveType,"SL",LeaveDate,">="&L$13,LeaveDate,"<"&L$13+7)>0,"SL",IF('設定'!$C$13="S","S",IF('設定'!$C$13="R",IF(MOD(INT((L$13-'設定'!$B$4)/7)+IF('設定'!$D$13="",0,'設定'!$D$13),16)<4,"A",IF(MOD(INT((L$13-'設定'!$B$4)/7)+IF('設定'!$D$13="",0,'設定'!$D$13),16)<8,"P",IF(MOD(INT((L$13-'設定'!$B$4)/7)+IF('設定'!$D$13="",0,'設定'!$D$13),16)<12,"N","P"))),"")))))) | M19: =IF(M$13="","",IF('設定'!$B$13="","",IF(COUNTIFS(LeaveName,'設定'!$B$13,LeaveType,"AL",LeaveDate,">="&M$13,LeaveDate,"<"&M$13+7)>0,"AL",IF(COUNTIFS(LeaveName,'設定'!$B$13,LeaveType,"SL",LeaveDate,">="&M$13,LeaveDate,"<"&M$13+7)>0,"SL",IF('設定'!$C$13="S","S",IF('設定'!$C$13="R",IF(MOD(INT((M$13-'設定'!$B$4)/7)+IF('設定'!$D$13="",0,'設定'!$D$13),16)<4,"A",IF(MOD(INT((M$13-'設定'!$B$4)/7)+IF('設定'!$D$13="",0,'設定'!$D$13),16)<8,"P",IF(MOD(INT((M$13-'設定'!$B$4)/7)+IF('設定'!$D$13="",0,'設定'!$D$13),16)<12,"N","P"))),"")))))) | N19: =IF(N$13="","",IF('設定'!$B$13="","",IF(COUNTIFS(LeaveName,'設定'!$B$13,LeaveType,"AL",LeaveDate,">="&N$13,LeaveDate,"<"&N$13+7)>0,"AL",IF(COUNTIFS(LeaveName,'設定'!$B$13,LeaveType,"SL",LeaveDate,">="&N$13,LeaveDate,"<"&N$13+7)>0,"SL",IF('設定'!$C$13="S","S",IF('設定'!$C$13="R",IF(MOD(INT((N$13-'設定'!$B$4)/7)+IF('設定'!$D$13="",0,'設定'!$D$13),16)<4,"A",IF(MOD(INT((N$13-'設定'!$B$4)/7)+IF('設定'!$D$13="",0,'設定'!$D$13),16)<8,"P",IF(MOD(INT((N$13-'設定'!$B$4)/7)+IF('設定'!$D$13="",0,'設定'!$D$13),16)<12,"N","P"))),"")))))) | ... BG19: =IF(BG$13="","",IF('設定'!$B$13="","",IF(COUNTIFS(LeaveName,'設定'!$B$13,LeaveType,"AL",LeaveDate,">="&BG$13,LeaveDate,"<"&BG$13+7)>0,"AL",IF(COUNTIFS(LeaveName,'設定'!$B$13,LeaveType,"SL",LeaveDate,">="&BG$13,LeaveDate,"<"&BG$13+7)>0,"SL",IF('設定'!$C$13="S","S",IF('設定'!$C$13="R",IF(MOD(INT((BG$13-'設定'!$B$4)/7)+IF('設定'!$D$13="",0,'設定'!$D$13),16)<4,"A",IF(MOD(INT((BG$13-'設定'!$B$4)/7)+IF('設定'!$D$13="",0,'設定'!$D$13),16)<8,"P",IF(MOD(INT((BG$13-'設定'!$B$4)/7)+IF('設定'!$D$13="",0,'設定'!$D$13),16)<12,"N","P"))),""))))))
A20: 公眾假期 | G20: =IF(G$13="","",IF(COUNTIFS(HolidayDates,">="&G$13,HolidayDates,"<"&G$13+7,HolidayDates,"<>")=0,"","假"&COUNTIFS(HolidayDates,">="&G$13,HolidayDates,"<"&G$13+7,HolidayDates,"<>"))) | H20: =IF(H$13="","",IF(COUNTIFS(HolidayDates,">="&H$13,HolidayDates,"<"&H$13+7,HolidayDates,"<>")=0,"","假"&COUNTIFS(HolidayDates,">="&H$13,HolidayDates,"<"&H$13+7,HolidayDates,"<>"))) | I20: =IF(I$13="","",IF(COUNTIFS(HolidayDates,">="&I$13,HolidayDates,"<"&I$13+7,HolidayDates,"<>")=0,"","假"&COUNTIFS(HolidayDates,">="&I$13,HolidayDates,"<"&I$13+7,HolidayDates,"<>"))) | J20: =IF(J$13="","",IF(COUNTIFS(HolidayDates,">="&J$13,HolidayDates,"<"&J$13+7,HolidayDates,"<>")=0,"","假"&COUNTIFS(HolidayDates,">="&J$13,HolidayDates,"<"&J$13+7,HolidayDates,"<>"))) | K20: =IF(K$13="","",IF(COUNTIFS(HolidayDates,">="&K$13,HolidayDates,"<"&K$13+7,HolidayDates,"<>")=0,"","假"&COUNTIFS(HolidayDates,">="&K$13,HolidayDates,"<"&K$13+7,HolidayDates,"<>"))) | L20: =IF(L$13="","",IF(COUNTIFS(HolidayDates,">="&L$13,HolidayDates,"<"&L$13+7,HolidayDates,"<>")=0,"","假"&COUNTIFS(HolidayDates,">="&L$13,HolidayDates,"<"&L$13+7,HolidayDates,"<>"))) | M20: =IF(M$13="","",IF(COUNTIFS(HolidayDates,">="&M$13,HolidayDates,"<"&M$13+7,HolidayDates,"<>")=0,"","假"&COUNTIFS(HolidayDates,">="&M$13,HolidayDates,"<"&M$13+7,HolidayDates,"<>"))) | N20: =IF(N$13="","",IF(COUNTIFS(HolidayDates,">="&N$13,HolidayDates,"<"&N$13+7,HolidayDates,"<>")=0,"","假"&COUNTIFS(HolidayDates,">="&N$13,HolidayDates,"<"&N$13+7,HolidayDates,"<>"))) | ... BG20: =IF(BG$13="","",IF(COUNTIFS(HolidayDates,">="&BG$13,HolidayDates,"<"&BG$13+7,HolidayDates,"<>")=0,"","假"&COUNTIFS(HolidayDates,">="&BG$13,HolidayDates,"<"&BG$13+7,HolidayDates,"<>")))
A21: （系統） | G21: =IF(G$13="","",COUNTIFS(HolidayDates,">="&G$13,HolidayDates,"<"&G$13+7,HolidayDates,"<>")) | H21: =IF(H$13="","",COUNTIFS(HolidayDates,">="&H$13,HolidayDates,"<"&H$13+7,HolidayDates,"<>")) | I21: =IF(I$13="","",COUNTIFS(HolidayDates,">="&I$13,HolidayDates,"<"&I$13+7,HolidayDates,"<>")) | J21: =IF(J$13="","",COUNTIFS(HolidayDates,">="&J$13,HolidayDates,"<"&J$13+7,HolidayDates,"<>")) | K21: =IF(K$13="","",COUNTIFS(HolidayDates,">="&K$13,HolidayDates,"<"&K$13+7,HolidayDates,"<>")) | L21: =IF(L$13="","",COUNTIFS(HolidayDates,">="&L$13,HolidayDates,"<"&L$13+7,HolidayDates,"<>")) | M21: =IF(M$13="","",COUNTIFS(HolidayDates,">="&M$13,HolidayDates,"<"&M$13+7,HolidayDates,"<>")) | N21: =IF(N$13="","",COUNTIFS(HolidayDates,">="&N$13,HolidayDates,"<"&N$13+7,HolidayDates,"<>")) | ... BG21: =IF(BG$13="","",COUNTIFS(HolidayDates,">="&BG$13,HolidayDates,"<"&BG$13+7,HolidayDates,"<>"))
A23: 使用提示（詳見「使用提示」工作表）
A24: 1. 請假：只在「請假登記」新增列（姓名＋日期＋AL/SL）；主表與月曆會自動顯示。
A25: 2. 補假：在「假期上班登記」對應假期列用下拉選擇上班人員；主表補假欄自動更新。
A26: 3. 換年：改「設定」顯示年份，並在「公眾假期」追加假期；基準日 2026-06-29 勿改。
A27: 4. 年假額度：在「設定」每人「年假額度（天）」各自填寫；剩餘年假＝個人額度−已用（按請假登記天數）。
A28: 5. 同週若有超過 2 人出現 AL 或 SL（週欄顯示），整欄標紅警示。

Sheet 設定
A1: 部門更表 — 設定區
A3: 顯示年份 | B3: 2026 | C3: ← 每年年頭只改此數字，全年週份日期與班次自動重算
A4: 輪班基準日（永久固定） | B4: 46202 | C4: ← 永遠不要修改！所有輪班以此日為錨點跨年連續計算
A5: 說明 | B5: 16週循環：4週A → 4週P → 4週N → 4週P。Offset 錯開 0/4/8/12。年假額度改為每人獨立設定（見下表）。請假請只在「請假登記」輸入。
A7: 編號 | B7: 員工姓名 | C7: 班次類型 | D7: 初始Offset | E7: 年假額度（天） | F7: 說明
A8: 1 | B8: ARTHUR | C8: S | E8: 12 | F8: 固定 S 班，全年不變
A9: 2 | B9: PATRICK | C9: R | D9: 0 | E9: 12 | F9: 輪班 offset=0
A10: 3 | B10: CARREY | C10: R | D10: 4 | E10: 12 | F10: 輪班 offset=4
A11: 4 | B11: CESC | C11: R | D11: 8 | E11: 12 | F11: 輪班 offset=8
A12: 5 | B12: LUCAS | C12: R | D12: 12 | E12: 12 | F12: 輪班 offset=12
A13: 6 | C13: V | D13: 0 | F13: 填姓名後類型改 R/S，並設定 Offset 與年假額度
A15: 班次／假別顏色圖例（與排班表、月曆一致）
A16: S | B16: A | C16: P | D16: N | E16: AL | F16: SL
A17: 正常班 | B17: 早班 | C17: 中班 | D17: 晚班 | E17: 年假 | F17: 病假
A19: 輪班公式
A20: 週序=INT((該週一−基準日)/7)+Offset；MOD(週序,16)：0–3→A，4–7→P，8–11→N，12–15→P

Sheet 請假登記
A1: 請假登記（全年唯一請假輸入源）
A2: 每一行＝一位員工某一天的請假。連續多日請逐日新增多行。排班表／月曆的 AL・SL 顯示與年假統計皆從此表用公式查找，請勿在其他表輸入請假。
A4: 員工姓名 | B4: 請假日期 | C4: 假別 | E4: 提示
E5: 假別只能填 AL 或 SL；日期請填實際請假當天（非週一）。

Sheet 本月排班日曆
A1: 本月排班日曆（純檢視｜請勿在此輸入）
A2: 目前月份 | B2: =TEXT(TODAY(),"YYYY年M月") | C2: ← 隨 TODAY() 自動切換；請假異動請到「請假登記」
A3: 本月1日 | B3: =DATE(YEAR(TODAY()),MONTH(TODAY()),1) | C3: 月曆起始週一 | D3: =B3-WEEKDAY(B3,2)+1
A5: 星期一 | B5: 星期二 | C5: 星期三 | D5: 星期四 | E5: 星期五 | F5: 星期六 | G5: 星期日
A6: =IF(OR(MONTH($D$3+0*7+0)<>MONTH($B$3),YEAR($D$3+0*7+0)<>YEAR($B$3)),"",$D$3+0*7+0) | B6: =IF(OR(MONTH($D$3+0*7+1)<>MONTH($B$3),YEAR($D$3+0*7+1)<>YEAR($B$3)),"",$D$3+0*7+1) | C6: =IF(OR(MONTH($D$3+0*7+2)<>MONTH($B$3),YEAR($D$3+0*7+2)<>YEAR($B$3)),"",$D$3+0*7+2) | D6: =IF(OR(MONTH($D$3+0*7+3)<>MONTH($B$3),YEAR($D$3+0*7+3)<>YEAR($B$3)),"",$D$3+0*7+3) | E6: =IF(OR(MONTH($D$3+0*7+4)<>MONTH($B$3),YEAR($D$3+0*7+4)<>YEAR($B$3)),"",$D$3+0*7+4) | F6: =IF(OR(MONTH($D$3+0*7+5)<>MONTH($B$3),YEAR($D$3+0*7+5)<>YEAR($B$3)),"",$D$3+0*7+5) | G6: =IF(OR(MONTH($D$3+0*7+6)<>MONTH($B$3),YEAR($D$3+0*7+6)<>YEAR($B$3)),"",$D$3+0*7+6) | I6: 日期
A7: =IF(A6="","",IFERROR(INDEX(HolidayNames,MATCH($D$3+0*7+0,HolidayDates,0)),"")) | B7: =IF(B6="","",IFERROR(INDEX(HolidayNames,MATCH($D$3+0*7+1,HolidayDates,0)),"")) | C7: =IF(C6="","",IFERROR(INDEX(HolidayNames,MATCH($D$3+0*7+2,HolidayDates,0)),"")) | D7: =IF(D6="","",IFERROR(INDEX(HolidayNames,MATCH($D$3+0*7+3,HolidayDates,0)),"")) | E7: =IF(E6="","",IFERROR(INDEX(HolidayNames,MATCH($D$3+0*7+4,HolidayDates,0)),"")) | F7: =IF(F6="","",IFERROR(INDEX(HolidayNames,MATCH($D$3+0*7+5,HolidayDates,0)),"")) | G7: =IF(G6="","",IFERROR(INDEX(HolidayNames,MATCH($D$3+0*7+6,HolidayDates,0)),"")) | I7: 公眾假期
A8: =IF(OR(A6="",'設定'!$B$8=""),"",IF(COUNTIFS(LeaveName,'設定'!$B$8,LeaveDate,"="&($D$3+0*7+0),LeaveType,"AL")>0,"AL",IF(COUNTIFS(LeaveName,'設定'!$B$8,LeaveDate,"="&($D$3+0*7+0),LeaveType,"SL")>0,"SL",IF('設定'!$B$8="","",IF('設定'!$C$8="S","S",IF('設定'!$C$8="R",IF(MOD(INT((($D$3+0*7+0-WEEKDAY($D$3+0*7+0,2)+1)-'設定'!$B$4)/7)+IF('設定'!$D$8="",0,'設定'!$D$8),16)<4,"A",IF(MOD(INT((($D$3+0*7+0-WEEKDAY($D$3+0*7+0,2)+1)-'設定'!$B$4)/7)+IF('設定'!$D$8="",0,'設定'!$D$8),16)<8,"P",IF(MOD(INT((($D$3+0*7+0-WEEKDAY($D$3+0*7+0,2)+1)-'設定'!$B$4)/7)+IF('設定'!$D$8="",0,'設定'!$D$8),16)<12,"N","P"))),"")))))) | B8: =IF(OR(B6="",'設定'!$B$8=""),"",IF(COUNTIFS(LeaveName,'設定'!$B$8,LeaveDate,"="&($D$3+0*7+1),LeaveType,"AL")>0,"AL",IF(COUNTIFS(LeaveName,'設定'!$B$8,LeaveDate,"="&($D$3+0*7+1),LeaveType,"SL")>0,"SL",IF('設定'!$B$8="","",IF('設定'!$C$8="S","S",IF('設定'!$C$8="R",IF(MOD(INT((($D$3+0*7+1-WEEKDAY($D$3+0*7+1,2)+1)-'設定'!$B$4)/7)+IF('設定'!$D$8="",0,'設定'!$D$8),16)<4,"A",IF(MOD(INT((($D$3+0*7+1-WEEKDAY($D$3+0*7+1,2)+1)-'設定'!$B$4)/7)+IF('設定'!$D$8="",0,'設定'!$D$8),16)<8,"P",IF(MOD(INT((($D$3+0*7+1-WEEKDAY($D$3+0*7+1,2)+1)-'設定'!$B$4)/7)+IF('設定'!$D$8="",0,'設定'!$D$8),16)<12,"N","P"))),"")))))) | C8: =IF(OR(C6="",'設定'!$B$8=""),"",IF(COUNTIFS(LeaveName,'設定'!$B$8,LeaveDate,"="&($D$3+0*7+2),LeaveType,"AL")>0,"AL",IF(COUNTIFS(LeaveName,'設定'!$B$8,LeaveDate,"="&($D$3+0*7+2),LeaveType,"SL")>0,"SL",IF('設定'!$B$8="","",IF('設定'!$C$8="S","S",IF('設定'!$C$8="R",IF(MOD(INT((($D$3+0*7+2-WEEKDAY($D$3+0*7+2,2)+1)-'設定'!$B$4)/7)+IF('設定'!$D$8="",0,'設定'!$D$8),16)<4,"A",IF(MOD(INT((($D$3+0*7+2-WEEKDAY($D$3+0*7+2,2)+1)-'設定'!$B$4)/7)+IF('設定'!$D$8="",0,'設定'!$D$8),16)<8,"P",IF(MOD(INT((($D$3+0*7+2-WEEKDAY($D$3+0*7+2,2)+1)-'設定'!$B$4)/7)+IF('設定'!$D$8="",0,'設定'!$D$8),16)<12,"N","P"))),"")))))) | D8: =IF(OR(D6="",'設定'!$B$8=""),"",IF(COUNTIFS(LeaveName,'設定'!$B$8,LeaveDate,"="&($D$3+0*7+3),LeaveType,"AL")>0,"AL",IF(COUNTIFS(LeaveName,'設定'!$B$8,LeaveDate,"="&($D$3+0*7+3),LeaveType,"SL")>0,"SL",IF('設定'!$B$8="","",IF('設定'!$C$8="S","S",IF('設定'!$C$8="R",IF(MOD(INT((($D$3+0*7+3-WEEKDAY($D$3+0*7+3,2)+1)-'設定'!$B$4)/7)+IF('設定'!$D$8="",0,'設定'!$D$8),16)<4,"A",IF(MOD(INT((($D$3+0*7+3-WEEKDAY($D$3+0*7+3,2)+1)-'設定'!$B$4)/7)+IF('設定'!$D$8="",0,'設定'!$D$8),16)<8,"P",IF(MOD(INT((($D$3+0*7+3-WEEKDAY($D$3+0*7+3,2)+1)-'設定'!$B$4)/7)+IF('設定'!$D$8="",0,'設定'!$D$8),16)<12,"N","P"))),"")))))) | E8: =IF(OR(E6="",'設定'!$B$8=""),"",IF(COUNTIFS(LeaveName,'設定'!$B$8,LeaveDate,"="&($D$3+0*7+4),LeaveType,"AL")>0,"AL",IF(COUNTIFS(LeaveName,'設定'!$B$8,LeaveDate,"="&($D$3+0*7+4),LeaveType,"SL")>0,"SL",IF('設定'!$B$8="","",IF('設定'!$C$8="S","S",IF('設定'!$C$8="R",IF(MOD(INT((($D$3+0*7+4-WEEKDAY($D$3+0*7+4,2)+1)-'設定'!$B$4)/7)+IF('設定'!$D$8="",0,'設定'!$D$8),16)<4,"A",IF(MOD(INT((($D$3+0*7+4-WEEKDAY($D$3+0*7+4,2)+1)-'設定'!$B$4)/7)+IF('設定'!$D$8="",0,'設定'!$D$8),16)<8,"P",IF(MOD(INT((($D$3+0*7+4-WEEKDAY($D$3+0*7+4,2)+1)-'設定'!$B$4)/7)+IF('設定'!$D$8="",0,'設定'!$D$8),16)<12,"N","P"))),"")))))) | F8: =IF(OR(F6="",'設定'!$B$8=""),"",IF(COUNTIFS(LeaveName,'設定'!$B$8,LeaveDate,"="&($D$3+0*7+5),LeaveType,"AL")>0,"AL",IF(COUNTIFS(LeaveName,'設定'!$B$8,LeaveDate,"="&($D$3+0*7+5),LeaveType,"SL")>0,"SL",IF('設定'!$B$8="","",IF('設定'!$C$8="S","S",IF('設定'!$C$8="R",IF(MOD(INT((($D$3+0*7+5-WEEKDAY($D$3+0*7+5,2)+1)-'設定'!$B$4)/7)+IF('設定'!$D$8="",0,'設定'!$D$8),16)<4,"A",IF(MOD(INT((($D$3+0*7+5-WEEKDAY($D$3+0*7+5,2)+1)-'設定'!$B$4)/7)+IF('設定'!$D$8="",0,'設定'!$D$8),16)<8,"P",IF(MOD(INT((($D$3+0*7+5-WEEKDAY($D$3+0*7+5,2)+1)-'設定'!$B$4)/7)+IF('設定'!$D$8="",0,'設定'!$D$8),16)<12,"N","P"))),"")))))) | G8: =IF(OR(G6="",'設定'!$B$8=""),"",IF(COUNTIFS(LeaveName,'設定'!$B$8,LeaveDate,"="&($D$3+0*7+6),LeaveType,"AL")>0,"AL",IF(COUNTIFS(LeaveName,'設定'!$B$8,LeaveDate,"="&($D$3+0*7+6),LeaveType,"SL")>0,"SL",IF('設定'!$B$8="","",IF('設定'!$C$8="S","S",IF('設定'!$C$8="R",IF(MOD(INT((($D$3+0*7+6-WEEKDAY($D$3+0*7+6,2)+1)-'設定'!$B$4)/7)+IF('設定'!$D$8="",0,'設定'!$D$8),16)<4,"A",IF(MOD(INT((($D$3+0*7+6-WEEKDAY($D$3+0*7+6,2)+1)-'設定'!$B$4)/7)+IF('設定'!$D$8="",0,'設定'!$D$8),16)<8,"P",IF(MOD(INT((($D$3+0*7+6-WEEKDAY($D$3+0*7+6,2)+1)-'設定'!$B$4)/7)+IF('設定'!$D$8="",0,'設定'!$D$8),16)<12,"N","P"))),"")))))) | I8: ='設定'!B8
A9: =IF(OR(A6="",'設定'!$B$9=""),"",IF(COUNTIFS(LeaveName,'設定'!$B$9,LeaveDate,"="&($D$3+0*7+0),LeaveType,"AL")>0,"AL",IF(COUNTIFS(LeaveName,'設定'!$B$9,LeaveDate,"="&($D$3+0*7+0),LeaveType,"SL")>0,"SL",IF('設定'!$B$9="","",IF('設定'!$C$9="S","S",IF('設定'!$C$9="R",IF(MOD(INT((($D$3+0*7+0-WEEKDAY($D$3+0*7+0,2)+1)-'設定'!$B$4)/7)+IF('設定'!$D$9="",0,'設定'!$D$9),16)<4,"A",IF(MOD(INT((($D$3+0*7+0-WEEKDAY($D$3+0*7+0,2)+1)-'設定'!$B$4)/7)+IF('設定'!$D$9="",0,'設定'!$D$9),16)<8,"P",IF(MOD(INT((($D$3+0*7+0-WEEKDAY($D$3+0*7+0,2)+1)-'設定'!$B$4)/7)+IF('設定'!$D$9="",0,'設定'!$D$9),16)<12,"N","P"))),"")))))) | B9: =IF(OR(B6="",'設定'!$B$9=""),"",IF(COUNTIFS(LeaveName,'設定'!$B$9,LeaveDate,"="&($D$3+0*7+1),LeaveType,"AL")>0,"AL",IF(COUNTIFS(LeaveName,'設定'!$B$9,LeaveDate,"="&($D$3+0*7+1),LeaveType,"SL")>0,"SL",IF('設定'!$B$9="","",IF('設定'!$C$9="S","S",IF('設定'!$C$9="R",IF(MOD(INT((($D$3+0*7+1-WEEKDAY($D$3+0*7+1,2)+1)-'設定'!$B$4)/7)+IF('設定'!$D$9="",0,'設定'!$D$9),16)<4,"A",IF(MOD(INT((($D$3+0*7+1-WEEKDAY($D$3+0*7+1,2)+1)-'設定'!$B$4)/7)+IF('設定'!$D$9="",0,'設定'!$D$9),16)<8,"P",IF(MOD(INT((($D$3+0*7+1-WEEKDAY($D$3+0*7+1,2)+1)-'設定'!$B$4)/7)+IF('設定'!$D$9="",0,'設定'!$D$9),16)<12,"N","P"))),"")))))) | C9: =IF(OR(C6="",'設定'!$B$9=""),"",IF(COUNTIFS(LeaveName,'設定'!$B$9,LeaveDate,"="&($D$3+0*7+2),LeaveType,"AL")>0,"AL",IF(COUNTIFS(LeaveName,'設定'!$B$9,LeaveDate,"="&($D$3+0*7+2),LeaveType,"SL")>0,"SL",IF('設定'!$B$9="","",IF('設定'!$C$9="S","S",IF('設定'!$C$9="R",IF(MOD(INT((($D$3+0*7+2-WEEKDAY($D$3+0*7+2,2)+1)-'設定'!$B$4)/7)+IF('設定'!$D$9="",0,'設定'!$D$9),16)<4,"A",IF(MOD(INT((($D$3+0*7+2-WEEKDAY($D$3+0*7+2,2)+1)-'設定'!$B$4)/7)+IF('設定'!$D$9="",0,'設定'!$D$9),16)<8,"P",IF(MOD(INT((($D$3+0*7+2-WEEKDAY($D$3+0*7+2,2)+1)-'設定'!$B$4)/7)+IF('設定'!$D$9="",0,'設定'!$D$9),16)<12,"N","P"))),"")))))) | D9: =IF(OR(D6="",'設定'!$B$9=""),"",IF(COUNTIFS(LeaveName,'設定'!$B$9,LeaveDate,"="&($D$3+0*7+3),LeaveType,"AL")>0,"AL",IF(COUNTIFS(LeaveName,'設定'!$B$9,LeaveDate,"="&($D$3+0*7+3),LeaveType,"SL")>0,"SL",IF('設定'!$B$9="","",IF('設定'!$C$9="S","S",IF('設定'!$C$9="R",IF(MOD(INT((($D$3+0*7+3-WEEKDAY($D$3+0*7+3,2)+1)-'設定'!$B$4)/7)+IF('設定'!$D$9="",0,'設定'!$D$9),16)<4,"A",IF(MOD(INT((($D$3+0*7+3-WEEKDAY($D$3+0*7+3,2)+1)-'設定'!$B$4)/7)+IF('設定'!$D$9="",0,'設定'!$D$9),16)<8,"P",IF(MOD(INT((($D$3+0*7+3-WEEKDAY($D$3+0*7+3,2)+1)-'設定'!$B$4)/7)+IF('設定'!$D$9="",0,'設定'!$D$9),16)<12,"N","P"))),"")))))) | E9: =IF(OR(E6="",'設定'!$B$9=""),"",IF(COUNTIFS(LeaveName,'設定'!$B$9,LeaveDate,"="&($D$3+0*7+4),LeaveType,"AL")>0,"AL",IF(COUNTIFS(LeaveName,'設定'!$B$9,LeaveDate,"="&($D$3+0*7+4),LeaveType,"SL")>0,"SL",IF('設定'!$B$9="","",IF('設定'!$C$9="S","S",IF('設定'!$C$9="R",IF(MOD(INT((($D$3+0*7+4-WEEKDAY($D$3+0*7+4,2)+1)-'設定'!$B$4)/7)+IF('設定'!$D$9="",0,'設定'!$D$9),16)<4,"A",IF(MOD(INT((($D$3+0*7+4-WEEKDAY($D$3+0*7+4,2)+1)-'設定'!$B$4)/7)+IF('設定'!$D$9="",0,'設定'!$D$9),16)<8,"P",IF(MOD(INT((($D$3+0*7+4-WEEKDAY($D$3+0*7+4,2)+1)-'設定'!$B$4)/7)+IF('設定'!$D$9="",0,'設定'!$D$9),16)<12,"N","P"))),"")))))) | F9: =IF(OR(F6="",'設定'!$B$9=""),"",IF(COUNTIFS(LeaveName,'設定'!$B$9,LeaveDate,"="&($D$3+0*7+5),LeaveType,"AL")>0,"AL",IF(COUNTIFS(LeaveName,'設定'!$B$9,LeaveDate,"="&($D$3+0*7+5),LeaveType,"SL")>0,"SL",IF('設定'!$B$9="","",IF('設定'!$C$9="S","S",IF('設定'!$C$9="R",IF(MOD(INT((($D$3+0*7+5-WEEKDAY($D$3+0*7+5,2)+1)-'設定'!$B$4)/7)+IF('設定'!$D$9="",0,'設定'!$D$9),16)<4,"A",IF(MOD(INT((($D$3+0*7+5-WEEKDAY($D$3+0*7+5,2)+1)-'設定'!$B$4)/7)+IF('設定'!$D$9="",0,'設定'!$D$9),16)<8,"P",IF(MOD(INT((($D$3+0*7+5-WEEKDAY($D$3+0*7+5,2)+1)-'設定'!$B$4)/7)+IF('設定'!$D$9="",0,'設定'!$D$9),16)<12,"N","P"))),"")))))) | G9: =IF(OR(G6="",'設定'!$B$9=""),"",IF(COUNTIFS(LeaveName,'設定'!$B$9,LeaveDate,"="&($D$3+0*7+6),LeaveType,"AL")>0,"AL",IF(COUNTIFS(LeaveName,'設定'!$B$9,LeaveDate,"="&($D$3+0*7+6),LeaveType,"SL")>0,"SL",IF('設定'!$B$9="","",IF('設定'!$C$9="S","S",IF('設定'!$C$9="R",IF(MOD(INT((($D$3+0*7+6-WEEKDAY($D$3+0*7+6,2)+1)-'設定'!$B$4)/7)+IF('設定'!$D$9="",0,'設定'!$D$9),16)<4,"A",IF(MOD(INT((($D$3+0*7+6-WEEKDAY($D$3+0*7+6,2)+1)-'設定'!$B$4)/7)+IF('設定'!$D$9="",0,'設定'!$D$9),16)<8,"P",IF(MOD(INT((($D$3+0*7+6-WEEKDAY($D$3+0*7+6,2)+1)-'設定'!$B$4)/7)+IF('設定'!$D$9="",0,'設定'!$D$9),16)<12,"N","P"))),"")))))) | I9: ='設定'!B9
A10: =IF(OR(A6="",'設定'!$B$10=""),"",IF(COUNTIFS(LeaveName,'設定'!$B$10,LeaveDate,"="&($D$3+0*7+0),LeaveType,"AL")>0,"AL",IF(COUNTIFS(LeaveName,'設定'!$B$10,LeaveDate,"="&($D$3+0*7+0),LeaveType,"SL")>0,"SL",IF('設定'!$B$10="","",IF('設定'!$C$10="S","S",IF('設定'!$C$10="R",IF(MOD(INT((($D$3+0*7+0-WEEKDAY($D$3+0*7+0,2)+1)-'設定'!$B$4)/7)+IF('設定'!$D$10="",0,'設定'!$D$10),16)<4,"A",IF(MOD(INT((($D$3+0*7+0-WEEKDAY($D$3+0*7+0,2)+1)-'設定'!$B$4)/7)+IF('設定'!$D$10="",0,'設定'!$D$10),16)<8,"P",IF(MOD(INT((($D$3+0*7+0-WEEKDAY($D$3+0*7+0,2)+1)-'設定'!$B$4)/7)+IF('設定'!$D$10="",0,'設定'!$D$10),16)<12,"N","P"))),"")))))) | B10: =IF(OR(B6="",'設定'!$B$10=""),"",IF(COUNTIFS(LeaveName,'設定'!$B$10,LeaveDate,"="&($D$3+0*7+1),LeaveType,"AL")>0,"AL",IF(COUNTIFS(LeaveName,'設定'!$B$10,LeaveDate,"="&($D$3+0*7+1),LeaveType,"SL")>0,"SL",IF('設定'!$B$10="","",IF('設定'!$C$10="S","S",IF('設定'!$C$10="R",IF(MOD(INT((($D$3+0*7+1-WEEKDAY($D$3+0*7+1,2)+1)-'設定'!$B$4)/7)+IF('設定'!$D$10="",0,'設定'!$D$10),16)<4,"A",IF(MOD(INT((($D$3+0*7+1-WEEKDAY($D$3+0*7+1,2)+1)-'設定'!$B$4)/7)+IF('設定'!$D$10="",0,'設定'!$D$10),16)<8,"P",IF(MOD(INT((($D$3+0*7+1-WEEKDAY($D$3+0*7+1,2)+1)-'設定'!$B$4)/7)+IF('設定'!$D$10="",0,'設定'!$D$10),16)<12,"N","P"))),"")))))) | C10: =IF(OR(C6="",'設定'!$B$10=""),"",IF(COUNTIFS(LeaveName,'設定'!$B$10,LeaveDate,"="&($D$3+0*7+2),LeaveType,"AL")>0,"AL",IF(COUNTIFS(LeaveName,'設定'!$B$10,LeaveDate,"="&($D$3+0*7+2),LeaveType,"SL")>0,"SL",IF('設定'!$B$10="","",IF('設定'!$C$10="S","S",IF('設定'!$C$10="R",IF(MOD(INT((($D$3+0*7+2-WEEKDAY($D$3+0*7+2,2)+1)-'設定'!$B$4)/7)+IF('設定'!$D$10="",0,'設定'!$D$10),16)<4,"A",IF(MOD(INT((($D$3+0*7+2-WEEKDAY($D$3+0*7+2,2)+1)-'設定'!$B$4)/7)+IF('設定'!$D$10="",0,'設定'!$D$10),16)<8,"P",IF(MOD(INT((($D$3+0*7+2-WEEKDAY($D$3+0*7+2,2)+1)-'設定'!$B$4)/7)+IF('設定'!$D$10="",0,'設定'!$D$10),16)<12,"N","P"))),"")))))) | D10: =IF(OR(D6="",'設定'!$B$10=""),"",IF(COUNTIFS(LeaveName,'設定'!$B$10,LeaveDate,"="&($D$3+0*7+3),LeaveType,"AL")>0,"AL",IF(COUNTIFS(LeaveName,'設定'!$B$10,LeaveDate,"="&($D$3+0*7+3),LeaveType,"SL")>0,"SL",IF('設定'!$B$10="","",IF('設定'!$C$10="S","S",IF('設定'!$C$10="R",IF(MOD(INT((($D$3+0*7+3-WEEKDAY($D$3+0*7+3,2)+1)-'設定'!$B$4)/7)+IF('設定'!$D$10="",0,'設定'!$D$10),16)<4,"A",IF(MOD(INT((($D$3+0*7+3-WEEKDAY($D$3+0*7+3,2)+1)-'設定'!$B$4)/7)+IF('設定'!$D$10="",0,'設定'!$D$10),16)<8,"P",IF(MOD(INT((($D$3+0*7+3-WEEKDAY($D$3+0*7+3,2)+1)-'設定'!$B$4)/7)+IF('設定'!$D$10="",0,'設定'!$D$10),16)<12,"N","P"))),"")))))) | E10: =IF(OR(E6="",'設定'!$B$10=""),"",IF(COUNTIFS(LeaveName,'設定'!$B$10,LeaveDate,"="&($D$3+0*7+4),LeaveType,"AL")>0,"AL",IF(COUNTIFS(LeaveName,'設定'!$B$10,LeaveDate,"="&($D$3+0*7+4),LeaveType,"SL")>0,"SL",IF('設定'!$B$10="","",IF('設定'!$C$10="S","S",IF('設定'!$C$10="R",IF(MOD(INT((($D$3+0*7+4-WEEKDAY($D$3+0*7+4,2)+1)-'設定'!$B$4)/7)+IF('設定'!$D$10="",0,'設定'!$D$10),16)<4,"A",IF(MOD(INT((($D$3+0*7+4-WEEKDAY($D$3+0*7+4,2)+1)-'設定'!$B$4)/7)+IF('設定'!$D$10="",0,'設定'!$D$10),16)<8,"P",IF(MOD(INT((($D$3+0*7+4-WEEKDAY($D$3+0*7+4,2)+1)-'設定'!$B$4)/7)+IF('設定'!$D$10="",0,'設定'!$D$10),16)<12,"N","P"))),"")))))) | F10: =IF(OR(F6="",'設定'!$B$10=""),"",IF(COUNTIFS(LeaveName,'設定'!$B$10,LeaveDate,"="&($D$3+0*7+5),LeaveType,"AL")>0,"AL",IF(COUNTIFS(LeaveName,'設定'!$B$10,LeaveDate,"="&($D$3+0*7+5),LeaveType,"SL")>0,"SL",IF('設定'!$B$10="","",IF('設定'!$C$10="S","S",IF('設定'!$C$10="R",IF(MOD(INT((($D$3+0*7+5-WEEKDAY($D$3+0*7+5,2)+1)-'設定'!$B$4)/7)+IF('設定'!$D$10="",0,'設定'!$D$10),16)<4,"A",IF(MOD(INT((($D$3+0*7+5-WEEKDAY($D$3+0*7+5,2)+1)-'設定'!$B$4)/7)+IF('設定'!$D$10="",0,'設定'!$D$10),16)<8,"P",IF(MOD(INT((($D$3+0*7+5-WEEKDAY($D$3+0*7+5,2)+1)-'設定'!$B$4)/7)+IF('設定'!$D$10="",0,'設定'!$D$10),16)<12,"N","P"))),"")))))) | G10: =IF(OR(G6="",'設定'!$B$10=""),"",IF(COUNTIFS(LeaveName,'設定'!$B$10,LeaveDate,"="&($D$3+0*7+6),LeaveType,"AL")>0,"AL",IF(COUNTIFS(LeaveName,'設定'!$B$10,LeaveDate,"="&($D$3+0*7+6),LeaveType,"SL")>0,"SL",IF('設定'!$B$10="","",IF('設定'!$C$10="S","S",IF('設定'!$C$10="R",IF(MOD(INT((($D$3+0*7+6-WEEKDAY($D$3+0*7+6,2)+1)-'設定'!$B$4)/7)+IF('設定'!$D$10="",0,'設定'!$D$10),16)<4,"A",IF(MOD(INT((($D$3+0*7+6-WEEKDAY($D$3+0*7+6,2)+1)-'設定'!$B$4)/7)+IF('設定'!$D$10="",0,'設定'!$D$10),16)<8,"P",IF(MOD(INT((($D$3+0*7+6-WEEKDAY($D$3+0*7+6,2)+1)-'設定'!$B$4)/7)+IF('設定'!$D$10="",0,'設定'!$D$10),16)<12,"N","P"))),"")))))) | I10: ='設定'!B10
A11: =IF(OR(A6="",'設定'!$B$11=""),"",IF(COUNTIFS(LeaveName,'設定'!$B$11,LeaveDate,"="&($D$3+0*7+0),LeaveType,"AL")>0,"AL",IF(COUNTIFS(LeaveName,'設定'!$B$11,LeaveDate,"="&($D$3+0*7+0),LeaveType,"SL")>0,"SL",IF('設定'!$B$11="","",IF('設定'!$C$11="S","S",IF('設定'!$C$11="R",IF(MOD(INT((($D$3+0*7+0-WEEKDAY($D$3+0*7+0,2)+1)-'設定'!$B$4)/7)+IF('設定'!$D$11="",0,'設定'!$D$11),16)<4,"A",IF(MOD(INT((($D$3+0*7+0-WEEKDAY($D$3+0*7+0,2)+1)-'設定'!$B$4)/7)+IF('設定'!$D$11="",0,'設定'!$D$11),16)<8,"P",IF(MOD(INT((($D$3+0*7+0-WEEKDAY($D$3+0*7+0,2)+1)-'設定'!$B$4)/7)+IF('設定'!$D$11="",0,'設定'!$D$11),16)<12,"N","P"))),"")))))) | B11: =IF(OR(B6="",'設定'!$B$11=""),"",IF(COUNTIFS(LeaveName,'設定'!$B$11,LeaveDate,"="&($D$3+0*7+1),LeaveType,"AL")>0,"AL",IF(COUNTIFS(LeaveName,'設定'!$B$11,LeaveDate,"="&($D$3+0*7+1),LeaveType,"SL")>0,"SL",IF('設定'!$B$11="","",IF('設定'!$C$11="S","S",IF('設定'!$C$11="R",IF(MOD(INT((($D$3+0*7+1-WEEKDAY($D$3+0*7+1,2)+1)-'設定'!$B$4)/7)+IF('設定'!$D$11="",0,'設定'!$D$11),16)<4,"A",IF(MOD(INT((($D$3+0*7+1-WEEKDAY($D$3+0*7+1,2)+1)-'設定'!$B$4)/7)+IF('設定'!$D$11="",0,'設定'!$D$11),16)<8,"P",IF(MOD(INT((($D$3+0*7+1-WEEKDAY($D$3+0*7+1,2)+1)-'設定'!$B$4)/7)+IF('設定'!$D$11="",0,'設定'!$D$11),16)<12,"N","P"))),"")))))) | C11: =IF(OR(C6="",'設定'!$B$11=""),"",IF(COUNTIFS(LeaveName,'設定'!$B$11,LeaveDate,"="&($D$3+0*7+2),LeaveType,"AL")>0,"AL",IF(COUNTIFS(LeaveName,'設定'!$B$11,LeaveDate,"="&($D$3+0*7+2),LeaveType,"SL")>0,"SL",IF('設定'!$B$11="","",IF('設定'!$C$11="S","S",IF('設定'!$C$11="R",IF(MOD(INT((($D$3+0*7+2-WEEKDAY($D$3+0*7+2,2)+1)-'設定'!$B$4)/7)+IF('設定'!$D$11="",0,'設定'!$D$11),16)<4,"A",IF(MOD(INT((($D$3+0*7+2-WEEKDAY($D$3+0*7+2,2)+1)-'設定'!$B$4)/7)+IF('設定'!$D$11="",0,'設定'!$D$11),16)<8,"P",IF(MOD(INT((($D$3+0*7+2-WEEKDAY($D$3+0*7+2,2)+1)-'設定'!$B$4)/7)+IF('設定'!$D$11="",0,'設定'!$D$11),16)<12,"N","P"))),"")))))) | D11: =IF(OR(D6="",'設定'!$B$11=""),"",IF(COUNTIFS(LeaveName,'設定'!$B$11,LeaveDate,"="&($D$3+0*7+3),LeaveType,"AL")>0,"AL",IF(COUNTIFS(LeaveName,'設定'!$B$11,LeaveDate,"="&($D$3+0*7+3),LeaveType,"SL")>0,"SL",IF('設定'!$B$11="","",IF('設定'!$C$11="S","S",IF('設定'!$C$11="R",IF(MOD(INT((($D$3+0*7+3-WEEKDAY($D$3+0*7+3,2)+1)-'設定'!$B$4)/7)+IF('設定'!$D$11="",0,'設定'!$D$11),16)<4,"A",IF(MOD(INT((($D$3+0*7+3-WEEKDAY($D$3+0*7+3,2)+1)-'設定'!$B$4)/7)+IF('設定'!$D$11="",0,'設定'!$D$11),16)<8,"P",IF(MOD(INT((($D$3+0*7+3-WEEKDAY($D$3+0*7+3,2)+1)-'設定'!$B$4)/7)+IF('設定'!$D$11="",0,'設定'!$D$11),16)<12,"N","P"))),"")))))) | E11: =IF(OR(E6="",'設定'!$B$11=""),"",IF(COUNTIFS(LeaveName,'設定'!$B$11,LeaveDate,"="&($D$3+0*7+4),LeaveType,"AL")>0,"AL",IF(COUNTIFS(LeaveName,'設定'!$B$11,LeaveDate,"="&($D$3+0*7+4),LeaveType,"SL")>0,"SL",IF('設定'!$B$11="","",IF('設定'!$C$11="S","S",IF('設定'!$C$11="R",IF(MOD(INT((($D$3+0*7+4-WEEKDAY($D$3+0*7+4,2)+1)-'設定'!$B$4)/7)+IF('設定'!$D$11="",0,'設定'!$D$11),16)<4,"A",IF(MOD(INT((($D$3+0*7+4-WEEKDAY($D$3+0*7+4,2)+1)-'設定'!$B$4)/7)+IF('設定'!$D$11="",0,'設定'!$D$11),16)<8,"P",IF(MOD(INT((($D$3+0*7+4-WEEKDAY($D$3+0*7+4,2)+1)-'設定'!$B$4)/7)+IF('設定'!$D$11="",0,'設定'!$D$11),16)<12,"N","P"))),"")))))) | F11: =IF(OR(F6="",'設定'!$B$11=""),"",IF(COUNTIFS(LeaveName,'設定'!$B$11,LeaveDate,"="&($D$3+0*7+5),LeaveType,"AL")>0,"AL",IF(COUNTIFS(LeaveName,'設定'!$B$11,LeaveDate,"="&($D$3+0*7+5),LeaveType,"SL")>0,"SL",IF('設定'!$B$11="","",IF('設定'!$C$11="S","S",IF('設定'!$C$11="R",IF(MOD(INT((($D$3+0*7+5-WEEKDAY($D$3+0*7+5,2)+1)-'設定'!$B$4)/7)+IF('設定'!$D$11="",0,'設定'!$D$11),16)<4,"A",IF(MOD(INT((($D$3+0*7+5-WEEKDAY($D$3+0*7+5,2)+1)-'設定'!$B$4)/7)+IF('設定'!$D$11="",0,'設定'!$D$11),16)<8,"P",IF(MOD(INT((($D$3+0*7+5-WEEKDAY($D$3+0*7+5,2)+1)-'設定'!$B$4)/7)+IF('設定'!$D$11="",0,'設定'!$D$11),16)<12,"N","P"))),"")))))) | G11: =IF(OR(G6="",'設定'!$B$11=""),"",IF(COUNTIFS(LeaveName,'設定'!$B$11,LeaveDate,"="&($D$3+0*7+6),LeaveType,"AL")>0,"AL",IF(COUNTIFS(LeaveName,'設定'!$B$11,LeaveDate,"="&($D$3+0*7+6),LeaveType,"SL")>0,"SL",IF('設定'!$B$11="","",IF('設定'!$C$11="S","S",IF('設定'!$C$11="R",IF(MOD(INT((($D$3+0*7+6-WEEKDAY($D$3+0*7+6,2)+1)-'設定'!$B$4)/7)+IF('設定'!$D$11="",0,'設定'!$D$11),16)<4,"A",IF(MOD(INT((($D$3+0*7+6-WEEKDAY($D$3+0*7+6,2)+1)-'設定'!$B$4)/7)+IF('設定'!$D$11="",0,'設定'!$D$11),16)<8,"P",IF(MOD(INT((($D$3+0*7+6-WEEKDAY($D$3+0*7+6,2)+1)-'設定'!$B$4)/7)+IF('設定'!$D$11="",0,'設定'!$D$11),16)<12,"N","P"))),"")))))) | I11: ='設定'!B11
A12: =IF(OR(A6="",'設定'!$B$12=""),"",IF(COUNTIFS(LeaveName,'設定'!$B$12,LeaveDate,"="&($D$3+0*7+0),LeaveType,"AL")>0,"AL",IF(COUNTIFS(LeaveName,'設定'!$B$12,LeaveDate,"="&($D$3+0*7+0),LeaveType,"SL")>0,"SL",IF('設定'!$B$12="","",IF('設定'!$C$12="S","S",IF('設定'!$C$12="R",IF(MOD(INT((($D$3+0*7+0-WEEKDAY($D$3+0*7+0,2)+1)-'設定'!$B$4)/7)+IF('設定'!$D$12="",0,'設定'!$D$12),16)<4,"A",IF(MOD(INT((($D$3+0*7+0-WEEKDAY($D$3+0*7+0,2)+1)-'設定'!$B$4)/7)+IF('設定'!$D$12="",0,'設定'!$D$12),16)<8,"P",IF(MOD(INT((($D$3+0*7+0-WEEKDAY($D$3+0*7+0,2)+1)-'設定'!$B$4)/7)+IF('設定'!$D$12="",0,'設定'!$D$12),16)<12,"N","P"))),"")))))) | B12: =IF(OR(B6="",'設定'!$B$12=""),"",IF(COUNTIFS(LeaveName,'設定'!$B$12,LeaveDate,"="&($D$3+0*7+1),LeaveType,"AL")>0,"AL",IF(COUNTIFS(LeaveName,'設定'!$B$12,LeaveDate,"="&($D$3+0*7+1),LeaveType,"SL")>0,"SL",IF('設定'!$B$12="","",IF('設定'!$C$12="S","S",IF('設定'!$C$12="R",IF(MOD(INT((($D$3+0*7+1-WEEKDAY($D$3+0*7+1,2)+1)-'設定'!$B$4)/7)+IF('設定'!$D$12="",0,'設定'!$D$12),16)<4,"A",IF(MOD(INT((($D$3+0*7+1-WEEKDAY($D$3+0*7+1,2)+1)-'設定'!$B$4)/7)+IF('設定'!$D$12="",0,'設定'!$D$12),16)<8,"P",IF(MOD(INT((($D$3+0*7+1-WEEKDAY($D$3+0*7+1,2)+1)-'設定'!$B$4)/7)+IF('設定'!$D$12="",0,'設定'!$D$12),16)<12,"N","P"))),"")))))) | C12: =IF(OR(C6="",'設定'!$B$12=""),"",IF(COUNTIFS(LeaveName,'設定'!$B$12,LeaveDate,"="&($D$3+0*7+2),LeaveType,"AL")>0,"AL",IF(COUNTIFS(LeaveName,'設定'!$B$12,LeaveDate,"="&($D$3+0*7+2),LeaveType,"SL")>0,"SL",IF('設定'!$B$12="","",IF('設定'!$C$12="S","S",IF('設定'!$C$12="R",IF(MOD(INT((($D$3+0*7+2-WEEKDAY($D$3+0*7+2,2)+1)-'設定'!$B$4)/7)+IF('設定'!$D$12="",0,'設定'!$D$12),16)<4,"A",IF(MOD(INT((($D$3+0*7+2-WEEKDAY($D$3+0*7+2,2)+1)-'設定'!$B$4)/7)+IF('設定'!$D$12="",0,'設定'!$D$12),16)<8,"P",IF(MOD(INT((($D$3+0*7+2-WEEKDAY($D$3+0*7+2,2)+1)-'設定'!$B$4)/7)+IF('設定'!$D$12="",0,'設定'!$D$12),16)<12,"N","P"))),"")))))) | D12: =IF(OR(D6="",'設定'!$B$12=""),"",IF(COUNTIFS(LeaveName,'設定'!$B$12,LeaveDate,"="&($D$3+0*7+3),LeaveType,"AL")>0,"AL",IF(COUNTIFS(LeaveName,'設定'!$B$12,LeaveDate,"="&($D$3+0*7+3),LeaveType,"SL")>0,"SL",IF('設定'!$B$12="","",IF('設定'!$C$12="S","S",IF('設定'!$C$12="R",IF(MOD(INT((($D$3+0*7+3-WEEKDAY($D$3+0*7+3,2)+1)-'設定'!$B$4)/7)+IF('設定'!$D$12="",0,'設定'!$D$12),16)<4,"A",IF(MOD(INT((($D$3+0*7+3-WEEKDAY($D$3+0*7+3,2)+1)-'設定'!$B$4)/7)+IF('設定'!$D$12="",0,'設定'!$D$12),16)<8,"P",IF(MOD(INT((($D$3+0*7+3-WEEKDAY($D$3+0*7+3,2)+1)-'設定'!$B$4)/7)+IF('設定'!$D$12="",0,'設定'!$D$12),16)<12,"N","P"))),"")))))) | E12: =IF(OR(E6="",'設定'!$B$12=""),"",IF(COUNTIFS(LeaveName,'設定'!$B$12,LeaveDate,"="&($D$3+0*7+4),LeaveType,"AL")>0,"AL",IF(COUNTIFS(LeaveName,'設定'!$B$12,LeaveDate,"="&($D$3+0*7+4),LeaveType,"SL")>0,"SL",IF('設定'!$B$12="","",IF('設定'!$C$12="S","S",IF('設定'!$C$12="R",IF(MOD(INT((($D$3+0*7+4-WEEKDAY($D$3+0*7+4,2)+1)-'設定'!$B$4)/7)+IF('設定'!$D$12="",0,'設定'!$D$12),16)<4,"A",IF(MOD(INT((($D$3+0*7+4-WEEKDAY($D$3+0*7+4,2)+1)-'設定'!$B$4)/7)+IF('設定'!$D$12="",0,'設定'!$D$12),16)<8,"P",IF(MOD(INT((($D$3+0*7+4-WEEKDAY($D$3+0*7+4,2)+1)-'設定'!$B$4)/7)+IF('設定'!$D$12="",0,'設定'!$D$12),16)<12,"N","P"))),"")))))) | F12: =IF(OR(F6="",'設定'!$B$12=""),"",IF(COUNTIFS(LeaveName,'設定'!$B$12,LeaveDate,"="&($D$3+0*7+5),LeaveType,"AL")>0,"AL",IF(COUNTIFS(LeaveName,'設定'!$B$12,LeaveDate,"="&($D$3+0*7+5),LeaveType,"SL")>0,"SL",IF('設定'!$B$12="","",IF('設定'!$C$12="S","S",IF('設定'!$C$12="R",IF(MOD(INT((($D$3+0*7+5-WEEKDAY($D$3+0*7+5,2)+1)-'設定'!$B$4)/7)+IF('設定'!$D$12="",0,'設定'!$D$12),16)<4,"A",IF(MOD(INT((($D$3+0*7+5-WEEKDAY($D$3+0*7+5,2)+1)-'設定'!$B$4)/7)+IF('設定'!$D$12="",0,'設定'!$D$12),16)<8,"P",IF(MOD(INT((($D$3+0*7+5-WEEKDAY($D$3+0*7+5,2)+1)-'設定'!$B$4)/7)+IF('設定'!$D$12="",0,'設定'!$D$12),16)<12,"N","P"))),"")))))) | G12: =IF(OR(G6="",'設定'!$B$12=""),"",IF(COUNTIFS(LeaveName,'設定'!$B$12,LeaveDate,"="&($D$3+0*7+6),LeaveType,"AL")>0,"AL",IF(COUNTIFS(LeaveName,'設定'!$B$12,LeaveDate,"="&($D$3+0*7+6),LeaveType,"SL")>0,"SL",IF('設定'!$B$12="","",IF('設定'!$C$12="S","S",IF('設定'!$C$12="R",IF(MOD(INT((($D$3+0*7+6-WEEKDAY($D$3+0*7+6,2)+1)-'設定'!$B$4)/7)+IF('設定'!$D$12="",0,'設定'!$D$12),16)<4,"A",IF(MOD(INT((($D$3+0*7+6-WEEKDAY($D$3+0*7+6,2)+1)-'設定'!$B$4)/7)+IF('設定'!$D$12="",0,'設定'!$D$12),16)<8,"P",IF(MOD(INT((($D$3+0*7+6-WEEKDAY($D$3+0*7+6,2)+1)-'設定'!$B$4)/7)+IF('設定'!$D$12="",0,'設定'!$D$12),16)<12,"N","P"))),"")))))) | I12: ='設定'!B12
A13: =IF(OR(A6="",'設定'!$B$13=""),"",IF(COUNTIFS(LeaveName,'設定'!$B$13,LeaveDate,"="&($D$3+0*7+0),LeaveType,"AL")>0,"AL",IF(COUNTIFS(LeaveName,'設定'!$B$13,LeaveDate,"="&($D$3+0*7+0),LeaveType,"SL")>0,"SL",IF('設定'!$B$13="","",IF('設定'!$C$13="S","S",IF('設定'!$C$13="R",IF(MOD(INT((($D$3+0*7+0-WEEKDAY($D$3+0*7+0,2)+1)-'設定'!$B$4)/7)+IF('設定'!$D$13="",0,'設定'!$D$13),16)<4,"A",IF(MOD(INT((($D$3+0*7+0-WEEKDAY($D$3+0*7+0,2)+1)-'設定'!$B$4)/7)+IF('設定'!$D$13="",0,'設定'!$D$13),16)<8,"P",IF(MOD(INT((($D$3+0*7+0-WEEKDAY($D$3+0*7+0,2)+1)-'設定'!$B$4)/7)+IF('設定'!$D$13="",0,'設定'!$D$13),16)<12,"N","P"))),"")))))) | B13: =IF(OR(B6="",'設定'!$B$13=""),"",IF(COUNTIFS(LeaveName,'設定'!$B$13,LeaveDate,"="&($D$3+0*7+1),LeaveType,"AL")>0,"AL",IF(COUNTIFS(LeaveName,'設定'!$B$13,LeaveDate,"="&($D$3+0*7+1),LeaveType,"SL")>0,"SL",IF('設定'!$B$13="","",IF('設定'!$C$13="S","S",IF('設定'!$C$13="R",IF(MOD(INT((($D$3+0*7+1-WEEKDAY($D$3+0*7+1,2)+1)-'設定'!$B$4)/7)+IF('設定'!$D$13="",0,'設定'!$D$13),16)<4,"A",IF(MOD(INT((($D$3+0*7+1-WEEKDAY($D$3+0*7+1,2)+1)-'設定'!$B$4)/7)+IF('設定'!$D$13="",0,'設定'!$D$13),16)<8,"P",IF(MOD(INT((($D$3+0*7+1-WEEKDAY($D$3+0*7+1,2)+1)-'設定'!$B$4)/7)+IF('設定'!$D$13="",0,'設定'!$D$13),16)<12,"N","P"))),"")))))) | C13: =IF(OR(C6="",'設定'!$B$13=""),"",IF(COUNTIFS(LeaveName,'設定'!$B$13,LeaveDate,"="&($D$3+0*7+2),LeaveType,"AL")>0,"AL",IF(COUNTIFS(LeaveName,'設定'!$B$13,LeaveDate,"="&($D$3+0*7+2),LeaveType,"SL")>0,"SL",IF('設定'!$B$13="","",IF('設定'!$C$13="S","S",IF('設定'!$C$13="R",IF(MOD(INT((($D$3+0*7+2-WEEKDAY($D$3+0*7+2,2)+1)-'設定'!$B$4)/7)+IF('設定'!$D$13="",0,'設定'!$D$13),16)<4,"A",IF(MOD(INT((($D$3+0*7+2-WEEKDAY($D$3+0*7+2,2)+1)-'設定'!$B$4)/7)+IF('設定'!$D$13="",0,'設定'!$D$13),16)<8,"P",IF(MOD(INT((($D$3+0*7+2-WEEKDAY($D$3+0*7+2,2)+1)-'設定'!$B$4)/7)+IF('設定'!$D$13="",0,'設定'!$D$13),16)<12,"N","P"))),"")))))) | D13: =IF(OR(D6="",'設定'!$B$13=""),"",IF(COUNTIFS(LeaveName,'設定'!$B$13,LeaveDate,"="&($D$3+0*7+3),LeaveType,"AL")>0,"AL",IF(COUNTIFS(LeaveName,'設定'!$B$13,LeaveDate,"="&($D$3+0*7+3),LeaveType,"SL")>0,"SL",IF('設定'!$B$13="","",IF('設定'!$C$13="S","S",IF('設定'!$C$13="R",IF(MOD(INT((($D$3+0*7+3-WEEKDAY($D$3+0*7+3,2)+1)-'設定'!$B$4)/7)+IF('設定'!$D$13="",0,'設定'!$D$13),16)<4,"A",IF(MOD(INT((($D$3+0*7+3-WEEKDAY($D$3+0*7+3,2)+1)-'設定'!$B$4)/7)+IF('設定'!$D$13="",0,'設定'!$D$13),16)<8,"P",IF(MOD(INT((($D$3+0*7+3-WEEKDAY($D$3+0*7+3,2)+1)-'設定'!$B$4)/7)+IF('設定'!$D$13="",0,'設定'!$D$13),16)<12,"N","P"))),"")))))) | E13: =IF(OR(E6="",'設定'!$B$13=""),"",IF(COUNTIFS(LeaveName,'設定'!$B$13,LeaveDate,"="&($D$3+0*7+4),LeaveType,"AL")>0,"AL",IF(COUNTIFS(LeaveName,'設定'!$B$13,LeaveDate,"="&($D$3+0*7+4),LeaveType,"SL")>0,"SL",IF('設定'!$B$13="","",IF('設定'!$C$13="S","S",IF('設定'!$C$13="R",IF(MOD(INT((($D$3+0*7+4-WEEKDAY($D$3+0*7+4,2)+1)-'設定'!$B$4)/7)+IF('設定'!$D$13="",0,'設定'!$D$13),16)<4,"A",IF(MOD(INT((($D$3+0*7+4-WEEKDAY($D$3+0*7+4,2)+1)-'設定'!$B$4)/7)+IF('設定'!$D$13="",0,'設定'!$D$13),16)<8,"P",IF(MOD(INT((($D$3+0*7+4-WEEKDAY($D$3+0*7+4,2)+1)-'設定'!$B$4)/7)+IF('設定'!$D$13="",0,'設定'!$D$13),16)<12,"N","P"))),"")))))) | F13: =IF(OR(F6="",'設定'!$B$13=""),"",IF(COUNTIFS(LeaveName,'設定'!$B$13,LeaveDate,"="&($D$3+0*7+5),LeaveType,"AL")>0,"AL",IF(COUNTIFS(LeaveName,'設定'!$B$13,LeaveDate,"="&($D$3+0*7+5),LeaveType,"SL")>0,"SL",IF('設定'!$B$13="","",IF('設定'!$C$13="S","S",IF('設定'!$C$13="R",IF(MOD(INT((($D$3+0*7+5-WEEKDAY($D$3+0*7+5,2)+1)-'設定'!$B$4)/7)+IF('設定'!$D$13="",0,'設定'!$D$13),16)<4,"A",IF(MOD(INT((($D$3+0*7+5-WEEKDAY($D$3+0*7+5,2)+1)-'設定'!$B$4)/7)+IF('設定'!$D$13="",0,'設定'!$D$13),16)<8,"P",IF(MOD(INT((($D$3+0*7+5-WEEKDAY($D$3+0*7+5,2)+1)-'設定'!$B$4)/7)+IF('設定'!$D$13="",0,'設定'!$D$13),16)<12,"N","P"))),"")))))) | G13: =IF(OR(G6="",'設定'!$B$13=""),"",IF(COUNTIFS(LeaveName,'設定'!$B$13,LeaveDate,"="&($D$3+0*7+6),LeaveType,"AL")>0,"AL",IF(COUNTIFS(LeaveName,'設定'!$B$13,LeaveDate,"="&($D$3+0*7+6),LeaveType,"SL")>0,"SL",IF('設定'!$B$13="","",IF('設定'!$C$13="S","S",IF('設定'!$C$13="R",IF(MOD(INT((($D$3+0*7+6-WEEKDAY($D$3+0*7+6,2)+1)-'設定'!$B$4)/7)+IF('設定'!$D$13="",0,'設定'!$D$13),16)<4,"A",IF(MOD(INT((($D$3+0*7+6-WEEKDAY($D$3+0*7+6,2)+1)-'設定'!$B$4)/7)+IF('設定'!$D$13="",0,'設定'!$D$13),16)<8,"P",IF(MOD(INT((($D$3+0*7+6-WEEKDAY($D$3+0*7+6,2)+1)-'設定'!$B$4)/7)+IF('設定'!$D$13="",0,'設定'!$D$13),16)<12,"N","P"))),"")))))) | I13: ='設定'!B13
A14: =IF(OR(MONTH($D$3+1*7+0)<>MONTH($B$3),YEAR($D$3+1*7+0)<>YEAR($B$3)),"",$D$3+1*7+0) | B14: =IF(OR(MONTH($D$3+1*7+1)<>MONTH($B$3),YEAR($D$3+1*7+1)<>YEAR($B$3)),"",$D$3+1*7+1) | C14: =IF(OR(MONTH($D$3+1*7+2)<>MONTH($B$3),YEAR($D$3+1*7+2)<>YEAR($B$3)),"",$D$3+1*7+2) | D14: =IF(OR(MONTH($D$3+1*7+3)<>MONTH($B$3),YEAR($D$3+1*7+3)<>YEAR($B$3)),"",$D$3+1*7+3) | E14: =IF(OR(MONTH($D$3+1*7+4)<>MONTH($B$3),YEAR($D$3+1*7+4)<>YEAR($B$3)),"",$D$3+1*7+4) | F14: =IF(OR(MONTH($D$3+1*7+5)<>MONTH($B$3),YEAR($D$3+1*7+5)<>YEAR($B$3)),"",$D$3+1*7+5) | G14: =IF(OR(MONTH($D$3+1*7+6)<>MONTH($B$3),YEAR($D$3+1*7+6)<>YEAR($B$3)),"",$D$3+1*7+6) | I14: 日期
A15: =IF(A14="","",IFERROR(INDEX(HolidayNames,MATCH($D$3+1*7+0,HolidayDates,0)),"")) | B15: =IF(B14="","",IFERROR(INDEX(HolidayNames,MATCH($D$3+1*7+1,HolidayDates,0)),"")) | C15: =IF(C14="","",IFERROR(INDEX(HolidayNames,MATCH($D$3+1*7+2,HolidayDates,0)),"")) | D15: =IF(D14="","",IFERROR(INDEX(HolidayNames,MATCH($D$3+1*7+3,HolidayDates,0)),"")) | E15: =IF(E14="","",IFERROR(INDEX(HolidayNames,MATCH($D$3+1*7+4,HolidayDates,0)),"")) | F15: =IF(F14="","",IFERROR(INDEX(HolidayNames,MATCH($D$3+1*7+5,HolidayDates,0)),"")) | G15: =IF(G14="","",IFERROR(INDEX(HolidayNames,MATCH($D$3+1*7+6,HolidayDates,0)),"")) | I15: 公眾假期
A16: =IF(OR(A14="",'設定'!$B$8=""),"",IF(COUNTIFS(LeaveName,'設定'!$B$8,LeaveDate,"="&($D$3+1*7+0),LeaveType,"AL")>0,"AL",IF(COUNTIFS(LeaveName,'設定'!$B$8,LeaveDate,"="&($D$3+1*7+0),LeaveType,"SL")>0,"SL",IF('設定'!$B$8="","",IF('設定'!$C$8="S","S",IF('設定'!$C$8="R",IF(MOD(INT((($D$3+1*7+0-WEEKDAY($D$3+1*7+0,2)+1)-'設定'!$B$4)/7)+IF('設定'!$D$8="",0,'設定'!$D$8),16)<4,"A",IF(MOD(INT((($D$3+1*7+0-WEEKDAY($D$3+1*7+0,2)+1)-'設定'!$B$4)/7)+IF('設定'!$D$8="",0,'設定'!$D$8),16)<8,"P",IF(MOD(INT((($D$3+1*7+0-WEEKDAY($D$3+1*7+0,2)+1)-'設定'!$B$4)/7)+IF('設定'!$D$8="",0,'設定'!$D$8),16)<12,"N","P"))),"")))))) | B16: =IF(OR(B14="",'設定'!$B$8=""),"",IF(COUNTIFS(LeaveName,'設定'!$B$8,LeaveDate,"="&($D$3+1*7+1),LeaveType,"AL")>0,"AL",IF(COUNTIFS(LeaveName,'設定'!$B$8,LeaveDate,"="&($D$3+1*7+1),LeaveType,"SL")>0,"SL",IF('設定'!$B$8="","",IF('設定'!$C$8="S","S",IF('設定'!$C$8="R",IF(MOD(INT((($D$3+1*7+1-WEEKDAY($D$3+1*7+1,2)+1)-'設定'!$B$4)/7)+IF('設定'!$D$8="",0,'設定'!$D$8),16)<4,"A",IF(MOD(INT((($D$3+1*7+1-WEEKDAY($D$3+1*7+1,2)+1)-'設定'!$B$4)/7)+IF('設定'!$D$8="",0,'設定'!$D$8),16)<8,"P",IF(MOD(INT((($D$3+1*7+1-WEEKDAY($D$3+1*7+1,2)+1)-'設定'!$B$4)/7)+IF('設定'!$D$8="",0,'設定'!$D$8),16)<12,"N","P"))),"")))))) | C16: =IF(OR(C14="",'設定'!$B$8=""),"",IF(COUNTIFS(LeaveName,'設定'!$B$8,LeaveDate,"="&($D$3+1*7+2),LeaveType,"AL")>0,"AL",IF(COUNTIFS(LeaveName,'設定'!$B$8,LeaveDate,"="&($D$3+1*7+2),LeaveType,"SL")>0,"SL",IF('設定'!$B$8="","",IF('設定'!$C$8="S","S",IF('設定'!$C$8="R",IF(MOD(INT((($D$3+1*7+2-WEEKDAY($D$3+1*7+2,2)+1)-'設定'!$B$4)/7)+IF('設定'!$D$8="",0,'設定'!$D$8),16)<4,"A",IF(MOD(INT((($D$3+1*7+2-WEEKDAY($D$3+1*7+2,2)+1)-'設定'!$B$4)/7)+IF('設定'!$D$8="",0,'設定'!$D$8),16)<8,"P",IF(MOD(INT((($D$3+1*7+2-WEEKDAY($D$3+1*7+2,2)+1)-'設定'!$B$4)/7)+IF('設定'!$D$8="",0,'設定'!$D$8),16)<12,"N","P"))),"")))))) | D16: =IF(OR(D14="",'設定'!$B$8=""),"",IF(COUNTIFS(LeaveName,'設定'!$B$8,LeaveDate,"="&($D$3+1*7+3),LeaveType,"AL")>0,"AL",IF(COUNTIFS(LeaveName,'設定'!$B$8,LeaveDate,"="&($D$3+1*7+3),LeaveType,"SL")>0,"SL",IF('設定'!$B$8="","",IF('設定'!$C$8="S","S",IF('設定'!$C$8="R",IF(MOD(INT((($D$3+1*7+3-WEEKDAY($D$3+1*7+3,2)+1)-'設定'!$B$4)/7)+IF('設定'!$D$8="",0,'設定'!$D$8),16)<4,"A",IF(MOD(INT((($D$3+1*7+3-WEEKDAY($D$3+1*7+3,2)+1)-'設定'!$B$4)/7)+IF('設定'!$D$8="",0,'設定'!$D$8),16)<8,"P",IF(MOD(INT((($D$3+1*7+3-WEEKDAY($D$3+1*7+3,2)+1)-'設定'!$B$4)/7)+IF('設定'!$D$8="",0,'設定'!$D$8),16)<12,"N","P"))),"")))))) | E16: =IF(OR(E14="",'設定'!$B$8=""),"",IF(COUNTIFS(LeaveName,'設定'!$B$8,LeaveDate,"="&($D$3+1*7+4),LeaveType,"AL")>0,"AL",IF(COUNTIFS(LeaveName,'設定'!$B$8,LeaveDate,"="&($D$3+1*7+4),LeaveType,"SL")>0,"SL",IF('設定'!$B$8="","",IF('設定'!$C$8="S","S",IF('設定'!$C$8="R",IF(MOD(INT((($D$3+1*7+4-WEEKDAY($D$3+1*7+4,2)+1)-'設定'!$B$4)/7)+IF('設定'!$D$8="",0,'設定'!$D$8),16)<4,"A",IF(MOD(INT((($D$3+1*7+4-WEEKDAY($D$3+1*7+4,2)+1)-'設定'!$B$4)/7)+IF('設定'!$D$8="",0,'設定'!$D$8),16)<8,"P",IF(MOD(INT((($D$3+1*7+4-WEEKDAY($D$3+1*7+4,2)+1)-'設定'!$B$4)/7)+IF('設定'!$D$8="",0,'設定'!$D$8),16)<12,"N","P"))),"")))))) | F16: =IF(OR(F14="",'設定'!$B$8=""),"",IF(COUNTIFS(LeaveName,'設定'!$B$8,LeaveDate,"="&($D$3+1*7+5),LeaveType,"AL")>0,"AL",IF(COUNTIFS(LeaveName,'設定'!$B$8,LeaveDate,"="&($D$3+1*7+5),LeaveType,"SL")>0,"SL",IF('設定'!$B$8="","",IF('設定'!$C$8="S","S",IF('設定'!$C$8="R",IF(MOD(INT((($D$3+1*7+5-WEEKDAY($D$3+1*7+5,2)+1)-'設定'!$B$4)/7)+IF('設定'!$D$8="",0,'設定'!$D$8),16)<4,"A",IF(MOD(INT((($D$3+1*7+5-WEEKDAY($D$3+1*7+5,2)+1)-'設定'!$B$4)/7)+IF('設定'!$D$8="",0,'設定'!$D$8),16)<8,"P",IF(MOD(INT((($D$3+1*7+5-WEEKDAY($D$3+1*7+5,2)+1)-'設定'!$B$4)/7)+IF('設定'!$D$8="",0,'設定'!$D$8),16)<12,"N","P"))),"")))))) | G16: =IF(OR(G14="",'設定'!$B$8=""),"",IF(COUNTIFS(LeaveName,'設定'!$B$8,LeaveDate,"="&($D$3+1*7+6),LeaveType,"AL")>0,"AL",IF(COUNTIFS(LeaveName,'設定'!$B$8,LeaveDate,"="&($D$3+1*7+6),LeaveType,"SL")>0,"SL",IF('設定'!$B$8="","",IF('設定'!$C$8="S","S",IF('設定'!$C$8="R",IF(MOD(INT((($D$3+1*7+6-WEEKDAY($D$3+1*7+6,2)+1)-'設定'!$B$4)/7)+IF('設定'!$D$8="",0,'設定'!$D$8),16)<4,"A",IF(MOD(INT((($D$3+1*7+6-WEEKDAY($D$3+1*7+6,2)+1)-'設定'!$B$4)/7)+IF('設定'!$D$8="",0,'設定'!$D$8),16)<8,"P",IF(MOD(INT((($D$3+1*7+6-WEEKDAY($D$3+1*7+6,2)+1)-'設定'!$B$4)/7)+IF('設定'!$D$8="",0,'設定'!$D$8),16)<12,"N","P"))),"")))))) | I16: ='設定'!B8
A17: =IF(OR(A14="",'設定'!$B$9=""),"",IF(COUNTIFS(LeaveName,'設定'!$B$9,LeaveDate,"="&($D$3+1*7+0),LeaveType,"AL")>0,"AL",IF(COUNTIFS(LeaveName,'設定'!$B$9,LeaveDate,"="&($D$3+1*7+0),LeaveType,"SL")>0,"SL",IF('設定'!$B$9="","",IF('設定'!$C$9="S","S",IF('設定'!$C$9="R",IF(MOD(INT((($D$3+1*7+0-WEEKDAY($D$3+1*7+0,2)+1)-'設定'!$B$4)/7)+IF('設定'!$D$9="",0,'設定'!$D$9),16)<4,"A",IF(MOD(INT((($D$3+1*7+0-WEEKDAY($D$3+1*7+0,2)+1)-'設定'!$B$4)/7)+IF('設定'!$D$9="",0,'設定'!$D$9),16)<8,"P",IF(MOD(INT((($D$3+1*7+0-WEEKDAY($D$3+1*7+0,2)+1)-'設定'!$B$4)/7)+IF('設定'!$D$9="",0,'設定'!$D$9),16)<12,"N","P"))),"")))))) | B17: =IF(OR(B14="",'設定'!$B$9=""),"",IF(COUNTIFS(LeaveName,'設定'!$B$9,LeaveDate,"="&($D$3+1*7+1),LeaveType,"AL")>0,"AL",IF(COUNTIFS(LeaveName,'設定'!$B$9,LeaveDate,"="&($D$3+1*7+1),LeaveType,"SL")>0,"SL",IF('設定'!$B$9="","",IF('設定'!$C$9="S","S",IF('設定'!$C$9="R",IF(MOD(INT((($D$3+1*7+1-WEEKDAY($D$3+1*7+1,2)+1)-'設定'!$B$4)/7)+IF('設定'!$D$9="",0,'設定'!$D$9),16)<4,"A",IF(MOD(INT((($D$3+1*7+1-WEEKDAY($D$3+1*7+1,2)+1)-'設定'!$B$4)/7)+IF('設定'!$D$9="",0,'設定'!$D$9),16)<8,"P",IF(MOD(INT((($D$3+1*7+1-WEEKDAY($D$3+1*7+1,2)+1)-'設定'!$B$4)/7)+IF('設定'!$D$9="",0,'設定'!$D$9),16)<12,"N","P"))),"")))))) | C17: =IF(OR(C14="",'設定'!$B$9=""),"",IF(COUNTIFS(LeaveName,'設定'!$B$9,LeaveDate,"="&($D$3+1*7+2),LeaveType,"AL")>0,"AL",IF(COUNTIFS(LeaveName,'設定'!$B$9,LeaveDate,"="&($D$3+1*7+2),LeaveType,"SL")>0,"SL",IF('設定'!$B$9="","",IF('設定'!$C$9="S","S",IF('設定'!$C$9="R",IF(MOD(INT((($D$3+1*7+2-WEEKDAY($D$3+1*7+2,2)+1)-'設定'!$B$4)/7)+IF('設定'!$D$9="",0,'設定'!$D$9),16)<4,"A",IF(MOD(INT((($D$3+1*7+2-WEEKDAY($D$3+1*7+2,2)+1)-'設定'!$B$4)/7)+IF('設定'!$D$9="",0,'設定'!$D$9),16)<8,"P",IF(MOD(INT((($D$3+1*7+2-WEEKDAY($D$3+1*7+2,2)+1)-'設定'!$B$4)/7)+IF('設定'!$D$9="",0,'設定'!$D$9),16)<12,"N","P"))),"")))))) | D17: =IF(OR(D14="",'設定'!$B$9=""),"",IF(COUNTIFS(LeaveName,'設定'!$B$9,LeaveDate,"="&($D$3+1*7+3),LeaveType,"AL")>0,"AL",IF(COUNTIFS(LeaveName,'設定'!$B$9,LeaveDate,"="&($D$3+1*7+3),LeaveType,"SL")>0,"SL",IF('設定'!$B$9="","",IF('設定'!$C$9="S","S",IF('設定'!$C$9="R",IF(MOD(INT((($D$3+1*7+3-WEEKDAY($D$3+1*7+3,2)+1)-'設定'!$B$4)/7)+IF('設定'!$D$9="",0,'設定'!$D$9),16)<4,"A",IF(MOD(INT((($D$3+1*7+3-WEEKDAY($D$3+1*7+3,2)+1)-'設定'!$B$4)/7)+IF('設定'!$D$9="",0,'設定'!$D$9),16)<8,"P",IF(MOD(INT((($D$3+1*7+3-WEEKDAY($D$3+1*7+3,2)+1)-'設定'!$B$4)/7)+IF('設定'!$D$9="",0,'設定'!$D$9),16)<12,"N","P"))),"")))))) | E17: =IF(OR(E14="",'設定'!$B$9=""),"",IF(COUNTIFS(LeaveName,'設定'!$B$9,LeaveDate,"="&($D$3+1*7+4),LeaveType,"AL")>0,"AL",IF(COUNTIFS(LeaveName,'設定'!$B$9,LeaveDate,"="&($D$3+1*7+4),LeaveType,"SL")>0,"SL",IF('設定'!$B$9="","",IF('設定'!$C$9="S","S",IF('設定'!$C$9="R",IF(MOD(INT((($D$3+1*7+4-WEEKDAY($D$3+1*7+4,2)+1)-'設定'!$B$4)/7)+IF('設定'!$D$9="",0,'設定'!$D$9),16)<4,"A",IF(MOD(INT((($D$3+1*7+4-WEEKDAY($D$3+1*7+4,2)+1)-'設定'!$B$4)/7)+IF('設定'!$D$9="",0,'設定'!$D$9),16)<8,"P",IF(MOD(INT((($D$3+1*7+4-WEEKDAY($D$3+1*7+4,2)+1)-'設定'!$B$4)/7)+IF('設定'!$D$9="",0,'設定'!$D$9),16)<12,"N","P"))),"")))))) | F17: =IF(OR(F14="",'設定'!$B$9=""),"",IF(COUNTIFS(LeaveName,'設定'!$B$9,LeaveDate,"="&($D$3+1*7+5),LeaveType,"AL")>0,"AL",IF(COUNTIFS(LeaveName,'設定'!$B$9,LeaveDate,"="&($D$3+1*7+5),LeaveType,"SL")>0,"SL",IF('設定'!$B$9="","",IF('設定'!$C$9="S","S",IF('設定'!$C$9="R",IF(MOD(INT((($D$3+1*7+5-WEEKDAY($D$3+1*7+5,2)+1)-'設定'!$B$4)/7)+IF('設定'!$D$9="",0,'設定'!$D$9),16)<4,"A",IF(MOD(INT((($D$3+1*7+5-WEEKDAY($D$3+1*7+5,2)+1)-'設定'!$B$4)/7)+IF('設定'!$D$9="",0,'設定'!$D$9),16)<8,"P",IF(MOD(INT((($D$3+1*7+5-WEEKDAY($D$3+1*7+5,2)+1)-'設定'!$B$4)/7)+IF('設定'!$D$9="",0,'設定'!$D$9),16)<12,"N","P"))),"")))))) | G17: =IF(OR(G14="",'設定'!$B$9=""),"",IF(COUNTIFS(LeaveName,'設定'!$B$9,LeaveDate,"="&($D$3+1*7+6),LeaveType,"AL")>0,"AL",IF(COUNTIFS(LeaveName,'設定'!$B$9,LeaveDate,"="&($D$3+1*7+6),LeaveType,"SL")>0,"SL",IF('設定'!$B$9="","",IF('設定'!$C$9="S","S",IF('設定'!$C$9="R",IF(MOD(INT((($D$3+1*7+6-WEEKDAY($D$3+1*7+6,2)+1)-'設定'!$B$4)/7)+IF('設定'!$D$9="",0,'設定'!$D$9),16)<4,"A",IF(MOD(INT((($D$3+1*7+6-WEEKDAY($D$3+1*7+6,2)+1)-'設定'!$B$4)/7)+IF('設定'!$D$9="",0,'設定'!$D$9),16)<8,"P",IF(MOD(INT((($D$3+1*7+6-WEEKDAY($D$3+1*7+6,2)+1)-'設定'!$B$4)/7)+IF('設定'!$D$9="",0,'設定'!$D$9),16)<12,"N","P"))),"")))))) | I17: ='設定'!B9
A18: =IF(OR(A14="",'設定'!$B$10=""),"",IF(COUNTIFS(LeaveName,'設定'!$B$10,LeaveDate,"="&($D$3+1*7+0),LeaveType,"AL")>0,"AL",IF(COUNTIFS(LeaveName,'設定'!$B$10,LeaveDate,"="&($D$3+1*7+0),LeaveType,"SL")>0,"SL",IF('設定'!$B$10="","",IF('設定'!$C$10="S","S",IF('設定'!$C$10="R",IF(MOD(INT((($D$3+1*7+0-WEEKDAY($D$3+1*7+0,2)+1)-'設定'!$B$4)/7)+IF('設定'!$D$10="",0,'設定'!$D$10),16)<4,"A",IF(MOD(INT((($D$3+1*7+0-WEEKDAY($D$3+1*7+0,2)+1)-'設定'!$B$4)/7)+IF('設定'!$D$10="",0,'設定'!$D$10),16)<8,"P",IF(MOD(INT((($D$3+1*7+0-WEEKDAY($D$3+1*7+0,2)+1)-'設定'!$B$4)/7)+IF('設定'!$D$10="",0,'設定'!$D$10),16)<12,"N","P"))),"")))))) | B18: =IF(OR(B14="",'設定'!$B$10=""),"",IF(COUNTIFS(LeaveName,'設定'!$B$10,LeaveDate,"="&($D$3+1*7+1),LeaveType,"AL")>0,"AL",IF(COUNTIFS(LeaveName,'設定'!$B$10,LeaveDate,"="&($D$3+1*7+1),LeaveType,"SL")>0,"SL",IF('設定'!$B$10="","",IF('設定'!$C$10="S","S",IF('設定'!$C$10="R",IF(MOD(INT((($D$3+1*7+1-WEEKDAY($D$3+1*7+1,2)+1)-'設定'!$B$4)/7)+IF('設定'!$D$10="",0,'設定'!$D$10),16)<4,"A",IF(MOD(INT((($D$3+1*7+1-WEEKDAY($D$3+1*7+1,2)+1)-'設定'!$B$4)/7)+IF('設定'!$D$10="",0,'設定'!$D$10),16)<8,"P",IF(MOD(INT((($D$3+1*7+1-WEEKDAY($D$3+1*7+1,2)+1)-'設定'!$B$4)/7)+IF('設定'!$D$10="",0,'設定'!$D$10),16)<12,"N","P"))),"")))))) | C18: =IF(OR(C14="",'設定'!$B$10=""),"",IF(COUNTIFS(LeaveName,'設定'!$B$10,LeaveDate,"="&($D$3+1*7+2),LeaveType,"AL")>0,"AL",IF(COUNTIFS(LeaveName,'設定'!$B$10,LeaveDate,"="&($D$3+1*7+2),LeaveType,"SL")>0,"SL",IF('設定'!$B$10="","",IF('設定'!$C$10="S","S",IF('設定'!$C$10="R",IF(MOD(INT((($D$3+1*7+2-WEEKDAY($D$3+1*7+2,2)+1)-'設定'!$B$4)/7)+IF('設定'!$D$10="",0,'設定'!$D$10),16)<4,"A",IF(MOD(INT((($D$3+1*7+2-WEEKDAY($D$3+1*7+2,2)+1)-'設定'!$B$4)/7)+IF('設定'!$D$10="",0,'設定'!$D$10),16)<8,"P",IF(MOD(INT((($D$3+1*7+2-WEEKDAY($D$3+1*7+2,2)+1)-'設定'!$B$4)/7)+IF('設定'!$D$10="",0,'設定'!$D$10),16)<12,"N","P"))),"")))))) | D18: =IF(OR(D14="",'設定'!$B$10=""),"",IF(COUNTIFS(LeaveName,'設定'!$B$10,LeaveDate,"="&($D$3+1*7+3),LeaveType,"AL")>0,"AL",IF(COUNTIFS(LeaveName,'設定'!$B$10,LeaveDate,"="&($D$3+1*7+3),LeaveType,"SL")>0,"SL",IF('設定'!$B$10="","",IF('設定'!$C$10="S","S",IF('設定'!$C$10="R",IF(MOD(INT((($D$3+1*7+3-WEEKDAY($D$3+1*7+3,2)+1)-'設定'!$B$4)/7)+IF('設定'!$D$10="",0,'設定'!$D$10),16)<4,"A",IF(MOD(INT((($D$3+1*7+3-WEEKDAY($D$3+1*7+3,2)+1)-'設定'!$B$4)/7)+IF('設定'!$D$10="",0,'設定'!$D$10),16)<8,"P",IF(MOD(INT((($D$3+1*7+3-WEEKDAY($D$3+1*7+3,2)+1)-'設定'!$B$4)/7)+IF('設定'!$D$10="",0,'設定'!$D$10),16)<12,"N","P"))),"")))))) | E18: =IF(OR(E14="",'設定'!$B$10=""),"",IF(COUNTIFS(LeaveName,'設定'!$B$10,LeaveDate,"="&($D$3+1*7+4),LeaveType,"AL")>0,"AL",IF(COUNTIFS(LeaveName,'設定'!$B$10,LeaveDate,"="&($D$3+1*7+4),LeaveType,"SL")>0,"SL",IF('設定'!$B$10="","",IF('設定'!$C$10="S","S",IF('設定'!$C$10="R",IF(MOD(INT((($D$3+1*7+4-WEEKDAY($D$3+1*7+4,2)+1)-'設定'!$B$4)/7)+IF('設定'!$D$10="",0,'設定'!$D$10),16)<4,"A",IF(MOD(INT((($D$3+1*7+4-WEEKDAY($D$3+1*7+4,2)+1)-'設定'!$B$4)/7)+IF('設定'!$D$10="",0,'設定'!$D$10),16)<8,"P",IF(MOD(INT((($D$3+1*7+4-WEEKDAY($D$3+1*7+4,2)+1)-'設定'!$B$4)/7)+IF('設定'!$D$10="",0,'設定'!$D$10),16)<12,"N","P"))),"")))))) | F18: =IF(OR(F14="",'設定'!$B$10=""),"",IF(COUNTIFS(LeaveName,'設定'!$B$10,LeaveDate,"="&($D$3+1*7+5),LeaveType,"AL")>0,"AL",IF(COUNTIFS(LeaveName,'設定'!$B$10,LeaveDate,"="&($D$3+1*7+5),LeaveType,"SL")>0,"SL",IF('設定'!$B$10="","",IF('設定'!$C$10="S","S",IF('設定'!$C$10="R",IF(MOD(INT((($D$3+1*7+5-WEEKDAY($D$3+1*7+5,2)+1)-'設定'!$B$4)/7)+IF('設定'!$D$10="",0,'設定'!$D$10),16)<4,"A",IF(MOD(INT((($D$3+1*7+5-WEEKDAY($D$3+1*7+5,2)+1)-'設定'!$B$4)/7)+IF('設定'!$D$10="",0,'設定'!$D$10),16)<8,"P",IF(MOD(INT((($D$3+1*7+5-WEEKDAY($D$3+1*7+5,2)+1)-'設定'!$B$4)/7)+IF('設定'!$D$10="",0,'設定'!$D$10),16)<12,"N","P"))),"")))))) | G18: =IF(OR(G14="",'設定'!$B$10=""),"",IF(COUNTIFS(LeaveName,'設定'!$B$10,LeaveDate,"="&($D$3+1*7+6),LeaveType,"AL")>0,"AL",IF(COUNTIFS(LeaveName,'設定'!$B$10,LeaveDate,"="&($D$3+1*7+6),LeaveType,"SL")>0,"SL",IF('設定'!$B$10="","",IF('設定'!$C$10="S","S",IF('設定'!$C$10="R",IF(MOD(INT((($D$3+1*7+6-WEEKDAY($D$3+1*7+6,2)+1)-'設定'!$B$4)/7)+IF('設定'!$D$10="",0,'設定'!$D$10),16)<4,"A",IF(MOD(INT((($D$3+1*7+6-WEEKDAY($D$3+1*7+6,2)+1)-'設定'!$B$4)/7)+IF('設定'!$D$10="",0,'設定'!$D$10),16)<8,"P",IF(MOD(INT((($D$3+1*7+6-WEEKDAY($D$3+1*7+6,2)+1)-'設定'!$B$4)/7)+IF('設定'!$D$10="",0,'設定'!$D$10),16)<12,"N","P"))),"")))))) | I18: ='設定'!B10
A19: =IF(OR(A14="",'設定'!$B$11=""),"",IF(COUNTIFS(LeaveName,'設定'!$B$11,LeaveDate,"="&($D$3+1*7+0),LeaveType,"AL")>0,"AL",IF(COUNTIFS(LeaveName,'設定'!$B$11,LeaveDate,"="&($D$3+1*7+0),LeaveType,"SL")>0,"SL",IF('設定'!$B$11="","",IF('設定'!$C$11="S","S",IF('設定'!$C$11="R",IF(MOD(INT((($D$3+1*7+0-WEEKDAY($D$3+1*7+0,2)+1)-'設定'!$B$4)/7)+IF('設定'!$D$11="",0,'設定'!$D$11),16)<4,"A",IF(MOD(INT((($D$3+1*7+0-WEEKDAY($D$3+1*7+0,2)+1)-'設定'!$B$4)/7)+IF('設定'!$D$11="",0,'設定'!$D$11),16)<8,"P",IF(MOD(INT((($D$3+1*7+0-WEEKDAY($D$3+1*7+0,2)+1)-'設定'!$B$4)/7)+IF('設定'!$D$11="",0,'設定'!$D$11),16)<12,"N","P"))),"")))))) | B19: =IF(OR(B14="",'設定'!$B$11=""),"",IF(COUNTIFS(LeaveName,'設定'!$B$11,LeaveDate,"="&($D$3+1*7+1),LeaveType,"AL")>0,"AL",IF(COUNTIFS(LeaveName,'設定'!$B$11,LeaveDate,"="&($D$3+1*7+1),LeaveType,"SL")>0,"SL",IF('設定'!$B$11="","",IF('設定'!$C$11="S","S",IF('設定'!$C$11="R",IF(MOD(INT((($D$3+1*7+1-WEEKDAY($D$3+1*7+1,2)+1)-'設定'!$B$4)/7)+IF('設定'!$D$11="",0,'設定'!$D$11),16)<4,"A",IF(MOD(INT((($D$3+1*7+1-WEEKDAY($D$3+1*7+1,2)+1)-'設定'!$B$4)/7)+IF('設定'!$D$11="",0,'設定'!$D$11),16)<8,"P",IF(MOD(INT((($D$3+1*7+1-WEEKDAY($D$3+1*7+1,2)+1)-'設定'!$B$4)/7)+IF('設定'!$D$11="",0,'設定'!$D$11),16)<12,"N","P"))),"")))))) | C19: =IF(OR(C14="",'設定'!$B$11=""),"",IF(COUNTIFS(LeaveName,'設定'!$B$11,LeaveDate,"="&($D$3+1*7+2),LeaveType,"AL")>0,"AL",IF(COUNTIFS(LeaveName,'設定'!$B$11,LeaveDate,"="&($D$3+1*7+2),LeaveType,"SL")>0,"SL",IF('設定'!$B$11="","",IF('設定'!$C$11="S","S",IF('設定'!$C$11="R",IF(MOD(INT((($D$3+1*7+2-WEEKDAY($D$3+1*7+2,2)+1)-'設定'!$B$4)/7)+IF('設定'!$D$11="",0,'設定'!$D$11),16)<4,"A",IF(MOD(INT((($D$3+1*7+2-WEEKDAY($D$3+1*7+2,2)+1)-'設定'!$B$4)/7)+IF('設定'!$D$11="",0,'設定'!$D$11),16)<8,"P",IF(MOD(INT((($D$3+1*7+2-WEEKDAY($D$3+1*7+2,2)+1)-'設定'!$B$4)/7)+IF('設定'!$D$11="",0,'設定'!$D$11),16)<12,"N","P"))),"")))))) | D19: =IF(OR(D14="",'設定'!$B$11=""),"",IF(COUNTIFS(LeaveName,'設定'!$B$11,LeaveDate,"="&($D$3+1*7+3),LeaveType,"AL")>0,"AL",IF(COUNTIFS(LeaveName,'設定'!$B$11,LeaveDate,"="&($D$3+1*7+3),LeaveType,"SL")>0,"SL",IF('設定'!$B$11="","",IF('設定'!$C$11="S","S",IF('設定'!$C$11="R",IF(MOD(INT((($D$3+1*7+3-WEEKDAY($D$3+1*7+3,2)+1)-'設定'!$B$4)/7)+IF('設定'!$D$11="",0,'設定'!$D$11),16)<4,"A",IF(MOD(INT((($D$3+1*7+3-WEEKDAY($D$3+1*7+3,2)+1)-'設定'!$B$4)/7)+IF('設定'!$D$11="",0,'設定'!$D$11),16)<8,"P",IF(MOD(INT((($D$3+1*7+3-WEEKDAY($D$3+1*7+3,2)+1)-'設定'!$B$4)/7)+IF('設定'!$D$11="",0,'設定'!$D$11),16)<12,"N","P"))),"")))))) | E19: =IF(OR(E14="",'設定'!$B$11=""),"",IF(COUNTIFS(LeaveName,'設定'!$B$11,LeaveDate,"="&($D$3+1*7+4),LeaveType,"AL")>0,"AL",IF(COUNTIFS(LeaveName,'設定'!$B$11,LeaveDate,"="&($D$3+1*7+4),LeaveType,"SL")>0,"SL",IF('設定'!$B$11="","",IF('設定'!$C$11="S","S",IF('設定'!$C$11="R",IF(MOD(INT((($D$3+1*7+4-WEEKDAY($D$3+1*7+4,2)+1)-'設定'!$B$4)/7)+IF('設定'!$D$11="",0,'設定'!$D$11),16)<4,"A",IF(MOD(INT((($D$3+1*7+4-WEEKDAY($D$3+1*7+4,2)+1)-'設定'!$B$4)/7)+IF('設定'!$D$11="",0,'設定'!$D$11),16)<8,"P",IF(MOD(INT((($D$3+1*7+4-WEEKDAY($D$3+1*7+4,2)+1)-'設定'!$B$4)/7)+IF('設定'!$D$11="",0,'設定'!$D$11),16)<12,"N","P"))),"")))))) | F19: =IF(OR(F14="",'設定'!$B$11=""),"",IF(COUNTIFS(LeaveName,'設定'!$B$11,LeaveDate,"="&($D$3+1*7+5),LeaveType,"AL")>0,"AL",IF(COUNTIFS(LeaveName,'設定'!$B$11,LeaveDate,"="&($D$3+1*7+5),LeaveType,"SL")>0,"SL",IF('設定'!$B$11="","",IF('設定'!$C$11="S","S",IF('設定'!$C$11="R",IF(MOD(INT((($D$3+1*7+5-WEEKDAY($D$3+1*7+5,2)+1)-'設定'!$B$4)/7)+IF('設定'!$D$11="",0,'設定'!$D$11),16)<4,"A",IF(MOD(INT((($D$3+1*7+5-WEEKDAY($D$3+1*7+5,2)+1)-'設定'!$B$4)/7)+IF('設定'!$D$11="",0,'設定'!$D$11),16)<8,"P",IF(MOD(INT((($D$3+1*7+5-WEEKDAY($D$3+1*7+5,2)+1)-'設定'!$B$4)/7)+IF('設定'!$D$11="",0,'設定'!$D$11),16)<12,"N","P"))),"")))))) | G19: =IF(OR(G14="",'設定'!$B$11=""),"",IF(COUNTIFS(LeaveName,'設定'!$B$11,LeaveDate,"="&($D$3+1*7+6),LeaveType,"AL")>0,"AL",IF(COUNTIFS(LeaveName,'設定'!$B$11,LeaveDate,"="&($D$3+1*7+6),LeaveType,"SL")>0,"SL",IF('設定'!$B$11="","",IF('設定'!$C$11="S","S",IF('設定'!$C$11="R",IF(MOD(INT((($D$3+1*7+6-WEEKDAY($D$3+1*7+6,2)+1)-'設定'!$B$4)/7)+IF('設定'!$D$11="",0,'設定'!$D$11),16)<4,"A",IF(MOD(INT((($D$3+1*7+6-WEEKDAY($D$3+1*7+6,2)+1)-'設定'!$B$4)/7)+IF('設定'!$D$11="",0,'設定'!$D$11),16)<8,"P",IF(MOD(INT((($D$3+1*7+6-WEEKDAY($D$3+1*7+6,2)+1)-'設定'!$B$4)/7)+IF('設定'!$D$11="",0,'設定'!$D$11),16)<12,"N","P"))),"")))))) | I19: ='設定'!B11
A20: =IF(OR(A14="",'設定'!$B$12=""),"",IF(COUNTIFS(LeaveName,'設定'!$B$12,LeaveDate,"="&($D$3+1*7+0),LeaveType,"AL")>0,"AL",IF(COUNTIFS(LeaveName,'設定'!$B$12,LeaveDate,"="&($D$3+1*7+0),LeaveType,"SL")>0,"SL",IF('設定'!$B$12="","",IF('設定'!$C$12="S","S",IF('設定'!$C$12="R",IF(MOD(INT((($D$3+1*7+0-WEEKDAY($D$3+1*7+0,2)+1)-'設定'!$B$4)/7)+IF('設定'!$D$12="",0,'設定'!$D$12),16)<4,"A",IF(MOD(INT((($D$3+1*7+0-WEEKDAY($D$3+1*7+0,2)+1)-'設定'!$B$4)/7)+IF('設定'!$D$12="",0,'設定'!$D$12),16)<8,"P",IF(MOD(INT((($D$3+1*7+0-WEEKDAY($D$3+1*7+0,2)+1)-'設定'!$B$4)/7)+IF('設定'!$D$12="",0,'設定'!$D$12),16)<12,"N","P"))),"")))))) | B20: =IF(OR(B14="",'設定'!$B$12=""),"",IF(COUNTIFS(LeaveName,'設定'!$B$12,LeaveDate,"="&($D$3+1*7+1),LeaveType,"AL")>0,"AL",IF(COUNTIFS(LeaveName,'設定'!$B$12,LeaveDate,"="&($D$3+1*7+1),LeaveType,"SL")>0,"SL",IF('設定'!$B$12="","",IF('設定'!$C$12="S","S",IF('設定'!$C$12="R",IF(MOD(INT((($D$3+1*7+1-WEEKDAY($D$3+1*7+1,2)+1)-'設定'!$B$4)/7)+IF('設定'!$D$12="",0,'設定'!$D$12),16)<4,"A",IF(MOD(INT((($D$3+1*7+1-WEEKDAY($D$3+1*7+1,2)+1)-'設定'!$B$4)/7)+IF('設定'!$D$12="",0,'設定'!$D$12),16)<8,"P",IF(MOD(INT((($D$3+1*7+1-WEEKDAY($D$3+1*7+1,2)+1)-'設定'!$B$4)/7)+IF('設定'!$D$12="",0,'設定'!$D$12),16)<12,"N","P"))),"")))))) | C20: =IF(OR(C14="",'設定'!$B$12=""),"",IF(COUNTIFS(LeaveName,'設定'!$B$12,LeaveDate,"="&($D$3+1*7+2),LeaveType,"AL")>0,"AL",IF(COUNTIFS(LeaveName,'設定'!$B$12,LeaveDate,"="&($D$3+1*7+2),LeaveType,"SL")>0,"SL",IF('設定'!$B$12="","",IF('設定'!$C$12="S","S",IF('設定'!$C$12="R",IF(MOD(INT((($D$3+1*7+2-WEEKDAY($D$3+1*7+2,2)+1)-'設定'!$B$4)/7)+IF('設定'!$D$12="",0,'設定'!$D$12),16)<4,"A",IF(MOD(INT((($D$3+1*7+2-WEEKDAY($D$3+1*7+2,2)+1)-'設定'!$B$4)/7)+IF('設定'!$D$12="",0,'設定'!$D$12),16)<8,"P",IF(MOD(INT((($D$3+1*7+2-WEEKDAY($D$3+1*7+2,2)+1)-'設定'!$B$4)/7)+IF('設定'!$D$12="",0,'設定'!$D$12),16)<12,"N","P"))),"")))))) | D20: =IF(OR(D14="",'設定'!$B$12=""),"",IF(COUNTIFS(LeaveName,'設定'!$B$12,LeaveDate,"="&($D$3+1*7+3),LeaveType,"AL")>0,"AL",IF(COUNTIFS(LeaveName,'設定'!$B$12,LeaveDate,"="&($D$3+1*7+3),LeaveType,"SL")>0,"SL",IF('設定'!$B$12="","",IF('設定'!$C$12="S","S",IF('設定'!$C$12="R",IF(MOD(INT((($D$3+1*7+3-WEEKDAY($D$3+1*7+3,2)+1)-'設定'!$B$4)/7)+IF('設定'!$D$12="",0,'設定'!$D$12),16)<4,"A",IF(MOD(INT((($D$3+1*7+3-WEEKDAY($D$3+1*7+3,2)+1)-'設定'!$B$4)/7)+IF('設定'!$D$12="",0,'設定'!$D$12),16)<8,"P",IF(MOD(INT((($D$3+1*7+3-WEEKDAY($D$3+1*7+3,2)+1)-'設定'!$B$4)/7)+IF('設定'!$D$12="",0,'設定'!$D$12),16)<12,"N","P"))),"")))))) | E20: =IF(OR(E14="",'設定'!$B$12=""),"",IF(COUNTIFS(LeaveName,'設定'!$B$12,LeaveDate,"="&($D$3+1*7+4),LeaveType,"AL")>0,"AL",IF(COUNTIFS(LeaveName,'設定'!$B$12,LeaveDate,"="&($D$3+1*7+4),LeaveType,"SL")>0,"SL",IF('設定'!$B$12="","",IF('設定'!$C$12="S","S",IF('設定'!$C$12="R",IF(MOD(INT((($D$3+1*7+4-WEEKDAY($D$3+1*7+4,2)+1)-'設定'!$B$4)/7)+IF('設定'!$D$12="",0,'設定'!$D$12),16)<4,"A",IF(MOD(INT((($D$3+1*7+4-WEEKDAY($D$3+1*7+4,2)+1)-'設定'!$B$4)/7)+IF('設定'!$D$12="",0,'設定'!$D$12),16)<8,"P",IF(MOD(INT((($D$3+1*7+4-WEEKDAY($D$3+1*7+4,2)+1)-'設定'!$B$4)/7)+IF('設定'!$D$12="",0,'設定'!$D$12),16)<12,"N","P"))),"")))))) | F20: =IF(OR(F14="",'設定'!$B$12=""),"",IF(COUNTIFS(LeaveName,'設定'!$B$12,LeaveDate,"="&($D$3+1*7+5),LeaveType,"AL")>0,"AL",IF(COUNTIFS(LeaveName,'設定'!$B$12,LeaveDate,"="&($D$3+1*7+5),LeaveType,"SL")>0,"SL",IF('設定'!$B$12="","",IF('設定'!$C$12="S","S",IF('設定'!$C$12="R",IF(MOD(INT((($D$3+1*7+5-WEEKDAY($D$3+1*7+5,2)+1)-'設定'!$B$4)/7)+IF('設定'!$D$12="",0,'設定'!$D$12),16)<4,"A",IF(MOD(INT((($D$3+1*7+5-WEEKDAY($D$3+1*7+5,2)+1)-'設定'!$B$4)/7)+IF('設定'!$D$12="",0,'設定'!$D$12),16)<8,"P",IF(MOD(INT((($D$3+1*7+5-WEEKDAY($D$3+1*7+5,2)+1)-'設定'!$B$4)/7)+IF('設定'!$D$12="",0,'設定'!$D$12),16)<12,"N","P"))),"")))))) | G20: =IF(OR(G14="",'設定'!$B$12=""),"",IF(COUNTIFS(LeaveName,'設定'!$B$12,LeaveDate,"="&($D$3+1*7+6),LeaveType,"AL")>0,"AL",IF(COUNTIFS(LeaveName,'設定'!$B$12,LeaveDate,"="&($D$3+1*7+6),LeaveType,"SL")>0,"SL",IF('設定'!$B$12="","",IF('設定'!$C$12="S","S",IF('設定'!$C$12="R",IF(MOD(INT((($D$3+1*7+6-WEEKDAY($D$3+1*7+6,2)+1)-'設定'!$B$4)/7)+IF('設定'!$D$12="",0,'設定'!$D$12),16)<4,"A",IF(MOD(INT((($D$3+1*7+6-WEEKDAY($D$3+1*7+6,2)+1)-'設定'!$B$4)/7)+IF('設定'!$D$12="",0,'設定'!$D$12),16)<8,"P",IF(MOD(INT((($D$3+1*7+6-WEEKDAY($D$3+1*7+6,2)+1)-'設定'!$B$4)/7)+IF('設定'!$D$12="",0,'設定'!$D$12),16)<12,"N","P"))),"")))))) | I20: ='設定'!B12
A21: =IF(OR(A14="",'設定'!$B$13=""),"",IF(COUNTIFS(LeaveName,'設定'!$B$13,LeaveDate,"="&($D$3+1*7+0),LeaveType,"AL")>0,"AL",IF(COUNTIFS(LeaveName,'設定'!$B$13,LeaveDate,"="&($D$3+1*7+0),LeaveType,"SL")>0,"SL",IF('設定'!$B$13="","",IF('設定'!$C$13="S","S",IF('設定'!$C$13="R",IF(MOD(INT((($D$3+1*7+0-WEEKDAY($D$3+1*7+0,2)+1)-'設定'!$B$4)/7)+IF('設定'!$D$13="",0,'設定'!$D$13),16)<4,"A",IF(MOD(INT((($D$3+1*7+0-WEEKDAY($D$3+1*7+0,2)+1)-'設定'!$B$4)/7)+IF('設定'!$D$13="",0,'設定'!$D$13),16)<8,"P",IF(MOD(INT((($D$3+1*7+0-WEEKDAY($D$3+1*7+0,2)+1)-'設定'!$B$4)/7)+IF('設定'!$D$13="",0,'設定'!$D$13),16)<12,"N","P"))),"")))))) | B21: =IF(OR(B14="",'設定'!$B$13=""),"",IF(COUNTIFS(LeaveName,'設定'!$B$13,LeaveDate,"="&($D$3+1*7+1),LeaveType,"AL")>0,"AL",IF(COUNTIFS(LeaveName,'設定'!$B$13,LeaveDate,"="&($D$3+1*7+1),LeaveType,"SL")>0,"SL",IF('設定'!$B$13="","",IF('設定'!$C$13="S","S",IF('設定'!$C$13="R",IF(MOD(INT((($D$3+1*7+1-WEEKDAY($D$3+1*7+1,2)+1)-'設定'!$B$4)/7)+IF('設定'!$D$13="",0,'設定'!$D$13),16)<4,"A",IF(MOD(INT((($D$3+1*7+1-WEEKDAY($D$3+1*7+1,2)+1)-'設定'!$B$4)/7)+IF('設定'!$D$13="",0,'設定'!$D$13),16)<8,"P",IF(MOD(INT((($D$3+1*7+1-WEEKDAY($D$3+1*7+1,2)+1)-'設定'!$B$4)/7)+IF('設定'!$D$13="",0,'設定'!$D$13),16)<12,"N","P"))),"")))))) | C21: =IF(OR(C14="",'設定'!$B$13=""),"",IF(COUNTIFS(LeaveName,'設定'!$B$13,LeaveDate,"="&($D$3+1*7+2),LeaveType,"AL")>0,"AL",IF(COUNTIFS(LeaveName,'設定'!$B$13,LeaveDate,"="&($D$3+1*7+2),LeaveType,"SL")>0,"SL",IF('設定'!$B$13="","",IF('設定'!$C$13="S","S",IF('設定'!$C$13="R",IF(MOD(INT((($D$3+1*7+2-WEEKDAY($D$3+1*7+2,2)+1)-'設定'!$B$4)/7)+IF('設定'!$D$13="",0,'設定'!$D$13),16)<4,"A",IF(MOD(INT((($D$3+1*7+2-WEEKDAY($D$3+1*7+2,2)+1)-'設定'!$B$4)/7)+IF('設定'!$D$13="",0,'設定'!$D$13),16)<8,"P",IF(MOD(INT((($D$3+1*7+2-WEEKDAY($D$3+1*7+2,2)+1)-'設定'!$B$4)/7)+IF('設定'!$D$13="",0,'設定'!$D$13),16)<12,"N","P"))),"")))))) | D21: =IF(OR(D14="",'設定'!$B$13=""),"",IF(COUNTIFS(LeaveName,'設定'!$B$13,LeaveDate,"="&($D$3+1*7+3),LeaveType,"AL")>0,"AL",IF(COUNTIFS(LeaveName,'設定'!$B$13,LeaveDate,"="&($D$3+1*7+3),LeaveType,"SL")>0,"SL",IF('設定'!$B$13="","",IF('設定'!$C$13="S","S",IF('設定'!$C$13="R",IF(MOD(INT((($D$3+1*7+3-WEEKDAY($D$3+1*7+3,2)+1)-'設定'!$B$4)/7)+IF('設定'!$D$13="",0,'設定'!$D$13),16)<4,"A",IF(MOD(INT((($D$3+1*7+3-WEEKDAY($D$3+1*7+3,2)+1)-'設定'!$B$4)/7)+IF('設定'!$D$13="",0,'設定'!$D$13),16)<8,"P",IF(MOD(INT((($D$3+1*7+3-WEEKDAY($D$3+1*7+3,2)+1)-'設定'!$B$4)/7)+IF('設定'!$D$13="",0,'設定'!$D$13),16)<12,"N","P"))),"")))))) | E21: =IF(OR(E14="",'設定'!$B$13=""),"",IF(COUNTIFS(LeaveName,'設定'!$B$13,LeaveDate,"="&($D$3+1*7+4),LeaveType,"AL")>0,"AL",IF(COUNTIFS(LeaveName,'設定'!$B$13,LeaveDate,"="&($D$3+1*7+4),LeaveType,"SL")>0,"SL",IF('設定'!$B$13="","",IF('設定'!$C$13="S","S",IF('設定'!$C$13="R",IF(MOD(INT((($D$3+1*7+4-WEEKDAY($D$3+1*7+4,2)+1)-'設定'!$B$4)/7)+IF('設定'!$D$13="",0,'設定'!$D$13),16)<4,"A",IF(MOD(INT((($D$3+1*7+4-WEEKDAY($D$3+1*7+4,2)+1)-'設定'!$B$4)/7)+IF('設定'!$D$13="",0,'設定'!$D$13),16)<8,"P",IF(MOD(INT((($D$3+1*7+4-WEEKDAY($D$3+1*7+4,2)+1)-'設定'!$B$4)/7)+IF('設定'!$D$13="",0,'設定'!$D$13),16)<12,"N","P"))),"")))))) | F21: =IF(OR(F14="",'設定'!$B$13=""),"",IF(COUNTIFS(LeaveName,'設定'!$B$13,LeaveDate,"="&($D$3+1*7+5),LeaveType,"AL")>0,"AL",IF(COUNTIFS(LeaveName,'設定'!$B$13,LeaveDate,"="&($D$3+1*7+5),LeaveType,"SL")>0,"SL",IF('設定'!$B$13="","",IF('設定'!$C$13="S","S",IF('設定'!$C$13="R",IF(MOD(INT((($D$3+1*7+5-WEEKDAY($D$3+1*7+5,2)+1)-'設定'!$B$4)/7)+IF('設定'!$D$13="",0,'設定'!$D$13),16)<4,"A",IF(MOD(INT((($D$3+1*7+5-WEEKDAY($D$3+1*7+5,2)+1)-'設定'!$B$4)/7)+IF('設定'!$D$13="",0,'設定'!$D$13),16)<8,"P",IF(MOD(INT((($D$3+1*7+5-WEEKDAY($D$3+1*7+5,2)+1)-'設定'!$B$4)/7)+IF('設定'!$D$13="",0,'設定'!$D$13),16)<12,"N","P"))),"")))))) | G21: =IF(OR(G14="",'設定'!$B$13=""),"",IF(COUNTIFS(LeaveName,'設定'!$B$13,LeaveDate,"="&($D$3+1*7+6),LeaveType,"AL")>0,"AL",IF(COUNTIFS(LeaveName,'設定'!$B$13,LeaveDate,"="&($D$3+1*7+6),LeaveType,"SL")>0,"SL",IF('設定'!$B$13="","",IF('設定'!$C$13="S","S",IF('設定'!$C$13="R",IF(MOD(INT((($D$3+1*7+6-WEEKDAY($D$3+1*7+6,2)+1)-'設定'!$B$4)/7)+IF('設定'!$D$13="",0,'設定'!$D$13),16)<4,"A",IF(MOD(INT((($D$3+1*7+6-WEEKDAY($D$3+1*7+6,2)+1)-'設定'!$B$4)/7)+IF('設定'!$D$13="",0,'設定'!$D$13),16)<8,"P",IF(MOD(INT((($D$3+1*7+6-WEEKDAY($D$3+1*7+6,2)+1)-'設定'!$B$4)/7)+IF('設定'!$D$13="",0,'設定'!$D$13),16)<12,"N","P"))),"")))))) | I21: ='設定'!B13
A22: =IF(OR(MONTH($D$3+2*7+0)<>MONTH($B$3),YEAR($D$3+2*7+0)<>YEAR($B$3)),"",$D$3+2*7+0) | B22: =IF(OR(MONTH($D$3+2*7+1)<>MONTH($B$3),YEAR($D$3+2*7+1)<>YEAR($B$3)),"",$D$3+2*7+1) | C22: =IF(OR(MONTH($D$3+2*7+2)<>MONTH($B$3),YEAR($D$3+2*7+2)<>YEAR($B$3)),"",$D$3+2*7+2) | D22: =IF(OR(MONTH($D$3+2*7+3)<>MONTH($B$3),YEAR($D$3+2*7+3)<>YEAR($B$3)),"",$D$3+2*7+3) | E22: =IF(OR(MONTH($D$3+2*7+4)<>MONTH($B$3),YEAR($D$3+2*7+4)<>YEAR($B$3)),"",$D$3+2*7+4) | F22: =IF(OR(MONTH($D$3+2*7+5)<>MONTH($B$3),YEAR($D$3+2*7+5)<>YEAR($B$3)),"",$D$3+2*7+5) | G22: =IF(OR(MONTH($D$3+2*7+6)<>MONTH($B$3),YEAR($D$3+2*7+6)<>YEAR($B$3)),"",$D$3+2*7+6) | I22: 日期
A23: =IF(A22="","",IFERROR(INDEX(HolidayNames,MATCH($D$3+2*7+0,HolidayDates,0)),"")) | B23: =IF(B22="","",IFERROR(INDEX(HolidayNames,MATCH($D$3+2*7+1,HolidayDates,0)),"")) | C23: =IF(C22="","",IFERROR(INDEX(HolidayNames,MATCH($D$3+2*7+2,HolidayDates,0)),"")) | D23: =IF(D22="","",IFERROR(INDEX(HolidayNames,MATCH($D$3+2*7+3,HolidayDates,0)),"")) | E23: =IF(E22="","",IFERROR(INDEX(HolidayNames,MATCH($D$3+2*7+4,HolidayDates,0)),"")) | F23: =IF(F22="","",IFERROR(INDEX(HolidayNames,MATCH($D$3+2*7+5,HolidayDates,0)),"")) | G23: =IF(G22="","",IFERROR(INDEX(HolidayNames,MATCH($D$3+2*7+6,HolidayDates,0)),"")) | I23: 公眾假期
A24: =IF(OR(A22="",'設定'!$B$8=""),"",IF(COUNTIFS(LeaveName,'設定'!$B$8,LeaveDate,"="&($D$3+2*7+0),LeaveType,"AL")>0,"AL",IF(COUNTIFS(LeaveName,'設定'!$B$8,LeaveDate,"="&($D$3+2*7+0),LeaveType,"SL")>0,"SL",IF('設定'!$B$8="","",IF('設定'!$C$8="S","S",IF('設定'!$C$8="R",IF(MOD(INT((($D$3+2*7+0-WEEKDAY($D$3+2*7+0,2)+1)-'設定'!$B$4)/7)+IF('設定'!$D$8="",0,'設定'!$D$8),16)<4,"A",IF(MOD(INT((($D$3+2*7+0-WEEKDAY($D$3+2*7+0,2)+1)-'設定'!$B$4)/7)+IF('設定'!$D$8="",0,'設定'!$D$8),16)<8,"P",IF(MOD(INT((($D$3+2*7+0-WEEKDAY($D$3+2*7+0,2)+1)-'設定'!$B$4)/7)+IF('設定'!$D$8="",0,'設定'!$D$8),16)<12,"N","P"))),"")))))) | B24: =IF(OR(B22="",'設定'!$B$8=""),"",IF(COUNTIFS(LeaveName,'設定'!$B$8,LeaveDate,"="&($D$3+2*7+1),LeaveType,"AL")>0,"AL",IF(COUNTIFS(LeaveName,'設定'!$B$8,LeaveDate,"="&($D$3+2*7+1),LeaveType,"SL")>0,"SL",IF('設定'!$B$8="","",IF('設定'!$C$8="S","S",IF('設定'!$C$8="R",IF(MOD(INT((($D$3+2*7+1-WEEKDAY($D$3+2*7+1,2)+1)-'設定'!$B$4)/7)+IF('設定'!$D$8="",0,'設定'!$D$8),16)<4,"A",IF(MOD(INT((($D$3+2*7+1-WEEKDAY($D$3+2*7+1,2)+1)-'設定'!$B$4)/7)+IF('設定'!$D$8="",0,'設定'!$D$8),16)<8,"P",IF(MOD(INT((($D$3+2*7+1-WEEKDAY($D$3+2*7+1,2)+1)-'設定'!$B$4)/7)+IF('設定'!$D$8="",0,'設定'!$D$8),16)<12,"N","P"))),"")))))) | C24: =IF(OR(C22="",'設定'!$B$8=""),"",IF(COUNTIFS(LeaveName,'設定'!$B$8,LeaveDate,"="&($D$3+2*7+2),LeaveType,"AL")>0,"AL",IF(COUNTIFS(LeaveName,'設定'!$B$8,LeaveDate,"="&($D$3+2*7+2),LeaveType,"SL")>0,"SL",IF('設定'!$B$8="","",IF('設定'!$C$8="S","S",IF('設定'!$C$8="R",IF(MOD(INT((($D$3+2*7+2-WEEKDAY($D$3+2*7+2,2)+1)-'設定'!$B$4)/7)+IF('設定'!$D$8="",0,'設定'!$D$8),16)<4,"A",IF(MOD(INT((($D$3+2*7+2-WEEKDAY($D$3+2*7+2,2)+1)-'設定'!$B$4)/7)+IF('設定'!$D$8="",0,'設定'!$D$8),16)<8,"P",IF(MOD(INT((($D$3+2*7+2-WEEKDAY($D$3+2*7+2,2)+1)-'設定'!$B$4)/7)+IF('設定'!$D$8="",0,'設定'!$D$8),16)<12,"N","P"))),"")))))) | D24: =IF(OR(D22="",'設定'!$B$8=""),"",IF(COUNTIFS(LeaveName,'設定'!$B$8,LeaveDate,"="&($D$3+2*7+3),LeaveType,"AL")>0,"AL",IF(COUNTIFS(LeaveName,'設定'!$B$8,LeaveDate,"="&($D$3+2*7+3),LeaveType,"SL")>0,"SL",IF('設定'!$B$8="","",IF('設定'!$C$8="S","S",IF('設定'!$C$8="R",IF(MOD(INT((($D$3+2*7+3-WEEKDAY($D$3+2*7+3,2)+1)-'設定'!$B$4)/7)+IF('設定'!$D$8="",0,'設定'!$D$8),16)<4,"A",IF(MOD(INT((($D$3+2*7+3-WEEKDAY($D$3+2*7+3,2)+1)-'設定'!$B$4)/7)+IF('設定'!$D$8="",0,'設定'!$D$8),16)<8,"P",IF(MOD(INT((($D$3+2*7+3-WEEKDAY($D$3+2*7+3,2)+1)-'設定'!$B$4)/7)+IF('設定'!$D$8="",0,'設定'!$D$8),16)<12,"N","P"))),"")))))) | E24: =IF(OR(E22="",'設定'!$B$8=""),"",IF(COUNTIFS(LeaveName,'設定'!$B$8,LeaveDate,"="&($D$3+2*7+4),LeaveType,"AL")>0,"AL",IF(COUNTIFS(LeaveName,'設定'!$B$8,LeaveDate,"="&($D$3+2*7+4),LeaveType,"SL")>0,"SL",IF('設定'!$B$8="","",IF('設定'!$C$8="S","S",IF('設定'!$C$8="R",IF(MOD(INT((($D$3+2*7+4-WEEKDAY($D$3+2*7+4,2)+1)-'設定'!$B$4)/7)+IF('設定'!$D$8="",0,'設定'!$D$8),16)<4,"A",IF(MOD(INT((($D$3+2*7+4-WEEKDAY($D$3+2*7+4,2)+1)-'設定'!$B$4)/7)+IF('設定'!$D$8="",0,'設定'!$D$8),16)<8,"P",IF(MOD(INT((($D$3+2*7+4-WEEKDAY($D$3+2*7+4,2)+1)-'設定'!$B$4)/7)+IF('設定'!$D$8="",0,'設定'!$D$8),16)<12,"N","P"))),"")))))) | F24: =IF(OR(F22="",'設定'!$B$8=""),"",IF(COUNTIFS(LeaveName,'設定'!$B$8,LeaveDate,"="&($D$3+2*7+5),LeaveType,"AL")>0,"AL",IF(COUNTIFS(LeaveName,'設定'!$B$8,LeaveDate,"="&($D$3+2*7+5),LeaveType,"SL")>0,"SL",IF('設定'!$B$8="","",IF('設定'!$C$8="S","S",IF('設定'!$C$8="R",IF(MOD(INT((($D$3+2*7+5-WEEKDAY($D$3+2*7+5,2)+1)-'設定'!$B$4)/7)+IF('設定'!$D$8="",0,'設定'!$D$8),16)<4,"A",IF(MOD(INT((($D$3+2*7+5-WEEKDAY($D$3+2*7+5,2)+1)-'設定'!$B$4)/7)+IF('設定'!$D$8="",0,'設定'!$D$8),16)<8,"P",IF(MOD(INT((($D$3+2*7+5-WEEKDAY($D$3+2*7+5,2)+1)-'設定'!$B$4)/7)+IF('設定'!$D$8="",0,'設定'!$D$8),16)<12,"N","P"))),"")))))) | G24: =IF(OR(G22="",'設定'!$B$8=""),"",IF(COUNTIFS(LeaveName,'設定'!$B$8,LeaveDate,"="&($D$3+2*7+6),LeaveType,"AL")>0,"AL",IF(COUNTIFS(LeaveName,'設定'!$B$8,LeaveDate,"="&($D$3+2*7+6),LeaveType,"SL")>0,"SL",IF('設定'!$B$8="","",IF('設定'!$C$8="S","S",IF('設定'!$C$8="R",IF(MOD(INT((($D$3+2*7+6-WEEKDAY($D$3+2*7+6,2)+1)-'設定'!$B$4)/7)+IF('設定'!$D$8="",0,'設定'!$D$8),16)<4,"A",IF(MOD(INT((($D$3+2*7+6-WEEKDAY($D$3+2*7+6,2)+1)-'設定'!$B$4)/7)+IF('設定'!$D$8="",0,'設定'!$D$8),16)<8,"P",IF(MOD(INT((($D$3+2*7+6-WEEKDAY($D$3+2*7+6,2)+1)-'設定'!$B$4)/7)+IF('設定'!$D$8="",0,'設定'!$D$8),16)<12,"N","P"))),"")))))) | I24: ='設定'!B8
A25: =IF(OR(A22="",'設定'!$B$9=""),"",IF(COUNTIFS(LeaveName,'設定'!$B$9,LeaveDate,"="&($D$3+2*7+0),LeaveType,"AL")>0,"AL",IF(COUNTIFS(LeaveName,'設定'!$B$9,LeaveDate,"="&($D$3+2*7+0),LeaveType,"SL")>0,"SL",IF('設定'!$B$9="","",IF('設定'!$C$9="S","S",IF('設定'!$C$9="R",IF(MOD(INT((($D$3+2*7+0-WEEKDAY($D$3+2*7+0,2)+1)-'設定'!$B$4)/7)+IF('設定'!$D$9="",0,'設定'!$D$9),16)<4,"A",IF(MOD(INT((($D$3+2*7+0-WEEKDAY($D$3+2*7+0,2)+1)-'設定'!$B$4)/7)+IF('設定'!$D$9="",0,'設定'!$D$9),16)<8,"P",IF(MOD(INT((($D$3+2*7+0-WEEKDAY($D$3+2*7+0,2)+1)-'設定'!$B$4)/7)+IF('設定'!$D$9="",0,'設定'!$D$9),16)<12,"N","P"))),"")))))) | B25: =IF(OR(B22="",'設定'!$B$9=""),"",IF(COUNTIFS(LeaveName,'設定'!$B$9,LeaveDate,"="&($D$3+2*7+1),LeaveType,"AL")>0,"AL",IF(COUNTIFS(LeaveName,'設定'!$B$9,LeaveDate,"="&($D$3+2*7+1),LeaveType,"SL")>0,"SL",IF('設定'!$B$9="","",IF('設定'!$C$9="S","S",IF('設定'!$C$9="R",IF(MOD(INT((($D$3+2*7+1-WEEKDAY($D$3+2*7+1,2)+1)-'設定'!$B$4)/7)+IF('設定'!$D$9="",0,'設定'!$D$9),16)<4,"A",IF(MOD(INT((($D$3+2*7+1-WEEKDAY($D$3+2*7+1,2)+1)-'設定'!$B$4)/7)+IF('設定'!$D$9="",0,'設定'!$D$9),16)<8,"P",IF(MOD(INT((($D$3+2*7+1-WEEKDAY($D$3+2*7+1,2)+1)-'設定'!$B$4)/7)+IF('設定'!$D$9="",0,'設定'!$D$9),16)<12,"N","P"))),"")))))) | C25: =IF(OR(C22="",'設定'!$B$9=""),"",IF(COUNTIFS(LeaveName,'設定'!$B$9,LeaveDate,"="&($D$3+2*7+2),LeaveType,"AL")>0,"AL",IF(COUNTIFS(LeaveName,'設定'!$B$9,LeaveDate,"="&($D$3+2*7+2),LeaveType,"SL")>0,"SL",IF('設定'!$B$9="","",IF('設定'!$C$9="S","S",IF('設定'!$C$9="R",IF(MOD(INT((($D$3+2*7+2-WEEKDAY($D$3+2*7+2,2)+1)-'設定'!$B$4)/7)+IF('設定'!$D$9="",0,'設定'!$D$9),16)<4,"A",IF(MOD(INT((($D$3+2*7+2-WEEKDAY($D$3+2*7+2,2)+1)-'設定'!$B$4)/7)+IF('設定'!$D$9="",0,'設定'!$D$9),16)<8,"P",IF(MOD(INT((($D$3+2*7+2-WEEKDAY($D$3+2*7+2,2)+1)-'設定'!$B$4)/7)+IF('設定'!$D$9="",0,'設定'!$D$9),16)<12,"N","P"))),"")))))) | D25: =IF(OR(D22="",'設定'!$B$9=""),"",IF(COUNTIFS(LeaveName,'設定'!$B$9,LeaveDate,"="&($D$3+2*7+3),LeaveType,"AL")>0,"AL",IF(COUNTIFS(LeaveName,'設定'!$B$9,LeaveDate,"="&($D$3+2*7+3),LeaveType,"SL")>0,"SL",IF('設定'!$B$9="","",IF('設定'!$C$9="S","S",IF('設定'!$C$9="R",IF(MOD(INT((($D$3+2*7+3-WEEKDAY($D$3+2*7+3,2)+1)-'設定'!$B$4)/7)+IF('設定'!$D$9="",0,'設定'!$D$9),16)<4,"A",IF(MOD(INT((($D$3+2*7+3-WEEKDAY($D$3+2*7+3,2)+1)-'設定'!$B$4)/7)+IF('設定'!$D$9="",0,'設定'!$D$9),16)<8,"P",IF(MOD(INT((($D$3+2*7+3-WEEKDAY($D$3+2*7+3,2)+1)-'設定'!$B$4)/7)+IF('設定'!$D$9="",0,'設定'!$D$9),16)<12,"N","P"))),"")))))) | E25: =IF(OR(E22="",'設定'!$B$9=""),"",IF(COUNTIFS(LeaveName,'設定'!$B$9,LeaveDate,"="&($D$3+2*7+4),LeaveType,"AL")>0,"AL",IF(COUNTIFS(LeaveName,'設定'!$B$9,LeaveDate,"="&($D$3+2*7+4),LeaveType,"SL")>0,"SL",IF('設定'!$B$9="","",IF('設定'!$C$9="S","S",IF('設定'!$C$9="R",IF(MOD(INT((($D$3+2*7+4-WEEKDAY($D$3+2*7+4,2)+1)-'設定'!$B$4)/7)+IF('設定'!$D$9="",0,'設定'!$D$9),16)<4,"A",IF(MOD(INT((($D$3+2*7+4-WEEKDAY($D$3+2*7+4,2)+1)-'設定'!$B$4)/7)+IF('設定'!$D$9="",0,'設定'!$D$9),16)<8,"P",IF(MOD(INT((($D$3+2*7+4-WEEKDAY($D$3+2*7+4,2)+1)-'設定'!$B$4)/7)+IF('設定'!$D$9="",0,'設定'!$D$9),16)<12,"N","P"))),"")))))) | F25: =IF(OR(F22="",'設定'!$B$9=""),"",IF(COUNTIFS(LeaveName,'設定'!$B$9,LeaveDate,"="&($D$3+2*7+5),LeaveType,"AL")>0,"AL",IF(COUNTIFS(LeaveName,'設定'!$B$9,LeaveDate,"="&($D$3+2*7+5),LeaveType,"SL")>0,"SL",IF('設定'!$B$9="","",IF('設定'!$C$9="S","S",IF('設定'!$C$9="R",IF(MOD(INT((($D$3+2*7+5-WEEKDAY($D$3+2*7+5,2)+1)-'設定'!$B$4)/7)+IF('設定'!$D$9="",0,'設定'!$D$9),16)<4,"A",IF(MOD(INT((($D$3+2*7+5-WEEKDAY($D$3+2*7+5,2)+1)-'設定'!$B$4)/7)+IF('設定'!$D$9="",0,'設定'!$D$9),16)<8,"P",IF(MOD(INT((($D$3+2*7+5-WEEKDAY($D$3+2*7+5,2)+1)-'設定'!$B$4)/7)+IF('設定'!$D$9="",0,'設定'!$D$9),16)<12,"N","P"))),"")))))) | G25: =IF(OR(G22="",'設定'!$B$9=""),"",IF(COUNTIFS(LeaveName,'設定'!$B$9,LeaveDate,"="&($D$3+2*7+6),LeaveType,"AL")>0,"AL",IF(COUNTIFS(LeaveName,'設定'!$B$9,LeaveDate,"="&($D$3+2*7+6),LeaveType,"SL")>0,"SL",IF('設定'!$B$9="","",IF('設定'!$C$9="S","S",IF('設定'!$C$9="R",IF(MOD(INT((($D$3+2*7+6-WEEKDAY($D$3+2*7+6,2)+1)-'設定'!$B$4)/7)+IF('設定'!$D$9="",0,'設定'!$D$9),16)<4,"A",IF(MOD(INT((($D$3+2*7+6-WEEKDAY($D$3+2*7+6,2)+1)-'設定'!$B$4)/7)+IF('設定'!$D$9="",0,'設定'!$D$9),16)<8,"P",IF(MOD(INT((($D$3+2*7+6-WEEKDAY($D$3+2*7+6,2)+1)-'設定'!$B$4)/7)+IF('設定'!$D$9="",0,'設定'!$D$9),16)<12,"N","P"))),"")))))) | I25: ='設定'!B9
A26: =IF(OR(A22="",'設定'!$B$10=""),"",IF(COUNTIFS(LeaveName,'設定'!$B$10,LeaveDate,"="&($D$3+2*7+0),LeaveType,"AL")>0,"AL",IF(COUNTIFS(LeaveName,'設定'!$B$10,LeaveDate,"="&($D$3+2*7+0),LeaveType,"SL")>0,"SL",IF('設定'!$B$10="","",IF('設定'!$C$10="S","S",IF('設定'!$C$10="R",IF(MOD(INT((($D$3+2*7+0-WEEKDAY($D$3+2*7+0,2)+1)-'設定'!$B$4)/7)+IF('設定'!$D$10="",0,'設定'!$D$10),16)<4,"A",IF(MOD(INT((($D$3+2*7+0-WEEKDAY($D$3+2*7+0,2)+1)-'設定'!$B$4)/7)+IF('設定'!$D$10="",0,'設定'!$D$10),16)<8,"P",IF(MOD(INT((($D$3+2*7+0-WEEKDAY($D$3+2*7+0,2)+1)-'設定'!$B$4)/7)+IF('設定'!$D$10="",0,'設定'!$D$10),16)<12,"N","P"))),"")))))) | B26: =IF(OR(B22="",'設定'!$B$10=""),"",IF(COUNTIFS(LeaveName,'設定'!$B$10,LeaveDate,"="&($D$3+2*7+1),LeaveType,"AL")>0,"AL",IF(COUNTIFS(LeaveName,'設定'!$B$10,LeaveDate,"="&($D$3+2*7+1),LeaveType,"SL")>0,"SL",IF('設定'!$B$10="","",IF('設定'!$C$10="S","S",IF('設定'!$C$10="R",IF(MOD(INT((($D$3+2*7+1-WEEKDAY($D$3+2*7+1,2)+1)-'設定'!$B$4)/7)+IF('設定'!$D$10="",0,'設定'!$D$10),16)<4,"A",IF(MOD(INT((($D$3+2*7+1-WEEKDAY($D$3+2*7+1,2)+1)-'設定'!$B$4)/7)+IF('設定'!$D$10="",0,'設定'!$D$10),16)<8,"P",IF(MOD(INT((($D$3+2*7+1-WEEKDAY($D$3+2*7+1,2)+1)-'設定'!$B$4)/7)+IF('設定'!$D$10="",0,'設定'!$D$10),16)<12,"N","P"))),"")))))) | C26: =IF(OR(C22="",'設定'!$B$10=""),"",IF(COUNTIFS(LeaveName,'設定'!$B$10,LeaveDate,"="&($D$3+2*7+2),LeaveType,"AL")>0,"AL",IF(COUNTIFS(LeaveName,'設定'!$B$10,LeaveDate,"="&($D$3+2*7+2),LeaveType,"SL")>0,"SL",IF('設定'!$B$10="","",IF('設定'!$C$10="S","S",IF('設定'!$C$10="R",IF(MOD(INT((($D$3+2*7+2-WEEKDAY($D$3+2*7+2,2)+1)-'設定'!$B$4)/7)+IF('設定'!$D$10="",0,'設定'!$D$10),16)<4,"A",IF(MOD(INT((($D$3+2*7+2-WEEKDAY($D$3+2*7+2,2)+1)-'設定'!$B$4)/7)+IF('設定'!$D$10="",0,'設定'!$D$10),16)<8,"P",IF(MOD(INT((($D$3+2*7+2-WEEKDAY($D$3+2*7+2,2)+1)-'設定'!$B$4)/7)+IF('設定'!$D$10="",0,'設定'!$D$10),16)<12,"N","P"))),"")))))) | D26: =IF(OR(D22="",'設定'!$B$10=""),"",IF(COUNTIFS(LeaveName,'設定'!$B$10,LeaveDate,"="&($D$3+2*7+3),LeaveType,"AL")>0,"AL",IF(COUNTIFS(LeaveName,'設定'!$B$10,LeaveDate,"="&($D$3+2*7+3),LeaveType,"SL")>0,"SL",IF('設定'!$B$10="","",IF('設定'!$C$10="S","S",IF('設定'!$C$10="R",IF(MOD(INT((($D$3+2*7+3-WEEKDAY($D$3+2*7+3,2)+1)-'設定'!$B$4)/7)+IF('設定'!$D$10="",0,'設定'!$D$10),16)<4,"A",IF(MOD(INT((($D$3+2*7+3-WEEKDAY($D$3+2*7+3,2)+1)-'設定'!$B$4)/7)+IF('設定'!$D$10="",0,'設定'!$D$10),16)<8,"P",IF(MOD(INT((($D$3+2*7+3-WEEKDAY($D$3+2*7+3,2)+1)-'設定'!$B$4)/7)+IF('設定'!$D$10="",0,'設定'!$D$10),16)<12,"N","P"))),"")))))) | E26: =IF(OR(E22="",'設定'!$B$10=""),"",IF(COUNTIFS(LeaveName,'設定'!$B$10,LeaveDate,"="&($D$3+2*7+4),LeaveType,"AL")>0,"AL",IF(COUNTIFS(LeaveName,'設定'!$B$10,LeaveDate,"="&($D$3+2*7+4),LeaveType,"SL")>0,"SL",IF('設定'!$B$10="","",IF('設定'!$C$10="S","S",IF('設定'!$C$10="R",IF(MOD(INT((($D$3+2*7+4-WEEKDAY($D$3+2*7+4,2)+1)-'設定'!$B$4)/7)+IF('設定'!$D$10="",0,'設定'!$D$10),16)<4,"A",IF(MOD(INT((($D$3+2*7+4-WEEKDAY($D$3+2*7+4,2)+1)-'設定'!$B$4)/7)+IF('設定'!$D$10="",0,'設定'!$D$10),16)<8,"P",IF(MOD(INT((($D$3+2*7+4-WEEKDAY($D$3+2*7+4,2)+1)-'設定'!$B$4)/7)+IF('設定'!$D$10="",0,'設定'!$D$10),16)<12,"N","P"))),"")))))) | F26: =IF(OR(F22="",'設定'!$B$10=""),"",IF(COUNTIFS(LeaveName,'設定'!$B$10,LeaveDate,"="&($D$3+2*7+5),LeaveType,"AL")>0,"AL",IF(COUNTIFS(LeaveName,'設定'!$B$10,LeaveDate,"="&($D$3+2*7+5),LeaveType,"SL")>0,"SL",IF('設定'!$B$10="","",IF('設定'!$C$10="S","S",IF('設定'!$C$10="R",IF(MOD(INT((($D$3+2*7+5-WEEKDAY($D$3+2*7+5,2)+1)-'設定'!$B$4)/7)+IF('設定'!$D$10="",0,'設定'!$D$10),16)<4,"A",IF(MOD(INT((($D$3+2*7+5-WEEKDAY($D$3+2*7+5,2)+1)-'設定'!$B$4)/7)+IF('設定'!$D$10="",0,'設定'!$D$10),16)<8,"P",IF(MOD(INT((($D$3+2*7+5-WEEKDAY($D$3+2*7+5,2)+1)-'設定'!$B$4)/7)+IF('設定'!$D$10="",0,'設定'!$D$10),16)<12,"N","P"))),"")))))) | G26: =IF(OR(G22="",'設定'!$B$10=""),"",IF(COUNTIFS(LeaveName,'設定'!$B$10,LeaveDate,"="&($D$3+2*7+6),LeaveType,"AL")>0,"AL",IF(COUNTIFS(LeaveName,'設定'!$B$10,LeaveDate,"="&($D$3+2*7+6),LeaveType,"SL")>0,"SL",IF('設定'!$B$10="","",IF('設定'!$C$10="S","S",IF('設定'!$C$10="R",IF(MOD(INT((($D$3+2*7+6-WEEKDAY($D$3+2*7+6,2)+1)-'設定'!$B$4)/7)+IF('設定'!$D$10="",0,'設定'!$D$10),16)<4,"A",IF(MOD(INT((($D$3+2*7+6-WEEKDAY($D$3+2*7+6,2)+1)-'設定'!$B$4)/7)+IF('設定'!$D$10="",0,'設定'!$D$10),16)<8,"P",IF(MOD(INT((($D$3+2*7+6-WEEKDAY($D$3+2*7+6,2)+1)-'設定'!$B$4)/7)+IF('設定'!$D$10="",0,'設定'!$D$10),16)<12,"N","P"))),"")))))) | I26: ='設定'!B10
A27: =IF(OR(A22="",'設定'!$B$11=""),"",IF(COUNTIFS(LeaveName,'設定'!$B$11,LeaveDate,"="&($D$3+2*7+0),LeaveType,"AL")>0,"AL",IF(COUNTIFS(LeaveName,'設定'!$B$11,LeaveDate,"="&($D$3+2*7+0),LeaveType,"SL")>0,"SL",IF('設定'!$B$11="","",IF('設定'!$C$11="S","S",IF('設定'!$C$11="R",IF(MOD(INT((($D$3+2*7+0-WEEKDAY($D$3+2*7+0,2)+1)-'設定'!$B$4)/7)+IF('設定'!$D$11="",0,'設定'!$D$11),16)<4,"A",IF(MOD(INT((($D$3+2*7+0-WEEKDAY($D$3+2*7+0,2)+1)-'設定'!$B$4)/7)+IF('設定'!$D$11="",0,'設定'!$D$11),16)<8,"P",IF(MOD(INT((($D$3+2*7+0-WEEKDAY($D$3+2*7+0,2)+1)-'設定'!$B$4)/7)+IF('設定'!$D$11="",0,'設定'!$D$11),16)<12,"N","P"))),"")))))) | B27: =IF(OR(B22="",'設定'!$B$11=""),"",IF(COUNTIFS(LeaveName,'設定'!$B$11,LeaveDate,"="&($D$3+2*7+1),LeaveType,"AL")>0,"AL",IF(COUNTIFS(LeaveName,'設定'!$B$11,LeaveDate,"="&($D$3+2*7+1),LeaveType,"SL")>0,"SL",IF('設定'!$B$11="","",IF('設定'!$C$11="S","S",IF('設定'!$C$11="R",IF(MOD(INT((($D$3+2*7+1-WEEKDAY($D$3+2*7+1,2)+1)-'設定'!$B$4)/7)+IF('設定'!$D$11="",0,'設定'!$D$11),16)<4,"A",IF(MOD(INT((($D$3+2*7+1-WEEKDAY($D$3+2*7+1,2)+1)-'設定'!$B$4)/7)+IF('設定'!$D$11="",0,'設定'!$D$11),16)<8,"P",IF(MOD(INT((($D$3+2*7+1-WEEKDAY($D$3+2*7+1,2)+1)-'設定'!$B$4)/7)+IF('設定'!$D$11="",0,'設定'!$D$11),16)<12,"N","P"))),"")))))) | C27: =IF(OR(C22="",'設定'!$B$11=""),"",IF(COUNTIFS(LeaveName,'設定'!$B$11,LeaveDate,"="&($D$3+2*7+2),LeaveType,"AL")>0,"AL",IF(COUNTIFS(LeaveName,'設定'!$B$11,LeaveDate,"="&($D$3+2*7+2),LeaveType,"SL")>0,"SL",IF('設定'!$B$11="","",IF('設定'!$C$11="S","S",IF('設定'!$C$11="R",IF(MOD(INT((($D$3+2*7+2-WEEKDAY($D$3+2*7+2,2)+1)-'設定'!$B$4)/7)+IF('設定'!$D$11="",0,'設定'!$D$11),16)<4,"A",IF(MOD(INT((($D$3+2*7+2-WEEKDAY($D$3+2*7+2,2)+1)-'設定'!$B$4)/7)+IF('設定'!$D$11="",0,'設定'!$D$11),16)<8,"P",IF(MOD(INT((($D$3+2*7+2-WEEKDAY($D$3+2*7+2,2)+1)-'設定'!$B$4)/7)+IF('設定'!$D$11="",0,'設定'!$D$11),16)<12,"N","P"))),"")))))) | D27: =IF(OR(D22="",'設定'!$B$11=""),"",IF(COUNTIFS(LeaveName,'設定'!$B$11,LeaveDate,"="&($D$3+2*7+3),LeaveType,"AL")>0,"AL",IF(COUNTIFS(LeaveName,'設定'!$B$11,LeaveDate,"="&($D$3+2*7+3),LeaveType,"SL")>0,"SL",IF('設定'!$B$11="","",IF('設定'!$C$11="S","S",IF('設定'!$C$11="R",IF(MOD(INT((($D$3+2*7+3-WEEKDAY($D$3+2*7+3,2)+1)-'設定'!$B$4)/7)+IF('設定'!$D$11="",0,'設定'!$D$11),16)<4,"A",IF(MOD(INT((($D$3+2*7+3-WEEKDAY($D$3+2*7+3,2)+1)-'設定'!$B$4)/7)+IF('設定'!$D$11="",0,'設定'!$D$11),16)<8,"P",IF(MOD(INT((($D$3+2*7+3-WEEKDAY($D$3+2*7+3,2)+1)-'設定'!$B$4)/7)+IF('設定'!$D$11="",0,'設定'!$D$11),16)<12,"N","P"))),"")))))) | E27: =IF(OR(E22="",'設定'!$B$11=""),"",IF(COUNTIFS(LeaveName,'設定'!$B$11,LeaveDate,"="&($D$3+2*7+4),LeaveType,"AL")>0,"AL",IF(COUNTIFS(LeaveName,'設定'!$B$11,LeaveDate,"="&($D$3+2*7+4),LeaveType,"SL")>0,"SL",IF('設定'!$B$11="","",IF('設定'!$C$11="S","S",IF('設定'!$C$11="R",IF(MOD(INT((($D$3+2*7+4-WEEKDAY($D$3+2*7+4,2)+1)-'設定'!$B$4)/7)+IF('設定'!$D$11="",0,'設定'!$D$11),16)<4,"A",IF(MOD(INT((($D$3+2*7+4-WEEKDAY($D$3+2*7+4,2)+1)-'設定'!$B$4)/7)+IF('設定'!$D$11="",0,'設定'!$D$11),16)<8,"P",IF(MOD(INT((($D$3+2*7+4-WEEKDAY($D$3+2*7+4,2)+1)-'設定'!$B$4)/7)+IF('設定'!$D$11="",0,'設定'!$D$11),16)<12,"N","P"))),"")))))) | F27: =IF(OR(F22="",'設定'!$B$11=""),"",IF(COUNTIFS(LeaveName,'設定'!$B$11,LeaveDate,"="&($D$3+2*7+5),LeaveType,"AL")>0,"AL",IF(COUNTIFS(LeaveName,'設定'!$B$11,LeaveDate,"="&($D$3+2*7+5),LeaveType,"SL")>0,"SL",IF('設定'!$B$11="","",IF('設定'!$C$11="S","S",IF('設定'!$C$11="R",IF(MOD(INT((($D$3+2*7+5-WEEKDAY($D$3+2*7+5,2)+1)-'設定'!$B$4)/7)+IF('設定'!$D$11="",0,'設定'!$D$11),16)<4,"A",IF(MOD(INT((($D$3+2*7+5-WEEKDAY($D$3+2*7+5,2)+1)-'設定'!$B$4)/7)+IF('設定'!$D$11="",0,'設定'!$D$11),16)<8,"P",IF(MOD(INT((($D$3+2*7+5-WEEKDAY($D$3+2*7+5,2)+1)-'設定'!$B$4)/7)+IF('設定'!$D$11="",0,'設定'!$D$11),16)<12,"N","P"))),"")))))) | G27: =IF(OR(G22="",'設定'!$B$11=""),"",IF(COUNTIFS(LeaveName,'設定'!$B$11,LeaveDate,"="&($D$3+2*7+6),LeaveType,"AL")>0,"AL",IF(COUNTIFS(LeaveName,'設定'!$B$11,LeaveDate,"="&($D$3+2*7+6),LeaveType,"SL")>0,"SL",IF('設定'!$B$11="","",IF('設定'!$C$11="S","S",IF('設定'!$C$11="R",IF(MOD(INT((($D$3+2*7+6-WEEKDAY($D$3+2*7+6,2)+1)-'設定'!$B$4)/7)+IF('設定'!$D$11="",0,'設定'!$D$11),16)<4,"A",IF(MOD(INT((($D$3+2*7+6-WEEKDAY($D$3+2*7+6,2)+1)-'設定'!$B$4)/7)+IF('設定'!$D$11="",0,'設定'!$D$11),16)<8,"P",IF(MOD(INT((($D$3+2*7+6-WEEKDAY($D$3+2*7+6,2)+1)-'設定'!$B$4)/7)+IF('設定'!$D$11="",0,'設定'!$D$11),16)<12,"N","P"))),"")))))) | I27: ='設定'!B11
A28: =IF(OR(A22="",'設定'!$B$12=""),"",IF(COUNTIFS(LeaveName,'設定'!$B$12,LeaveDate,"="&($D$3+2*7+0),LeaveType,"AL")>0,"AL",IF(COUNTIFS(LeaveName,'設定'!$B$12,LeaveDate,"="&($D$3+2*7+0),LeaveType,"SL")>0,"SL",IF('設定'!$B$12="","",IF('設定'!$C$12="S","S",IF('設定'!$C$12="R",IF(MOD(INT((($D$3+2*7+0-WEEKDAY($D$3+2*7+0,2)+1)-'設定'!$B$4)/7)+IF('設定'!$D$12="",0,'設定'!$D$12),16)<4,"A",IF(MOD(INT((($D$3+2*7+0-WEEKDAY($D$3+2*7+0,2)+1)-'設定'!$B$4)/7)+IF('設定'!$D$12="",0,'設定'!$D$12),16)<8,"P",IF(MOD(INT((($D$3+2*7+0-WEEKDAY($D$3+2*7+0,2)+1)-'設定'!$B$4)/7)+IF('設定'!$D$12="",0,'設定'!$D$12),16)<12,"N","P"))),"")))))) | B28: =IF(OR(B22="",'設定'!$B$12=""),"",IF(COUNTIFS(LeaveName,'設定'!$B$12,LeaveDate,"="&($D$3+2*7+1),LeaveType,"AL")>0,"AL",IF(COUNTIFS(LeaveName,'設定'!$B$12,LeaveDate,"="&($D$3+2*7+1),LeaveType,"SL")>0,"SL",IF('設定'!$B$12="","",IF('設定'!$C$12="S","S",IF('設定'!$C$12="R",IF(MOD(INT((($D$3+2*7+1-WEEKDAY($D$3+2*7+1,2)+1)-'設定'!$B$4)/7)+IF('設定'!$D$12="",0,'設定'!$D$12),16)<4,"A",IF(MOD(INT((($D$3+2*7+1-WEEKDAY($D$3+2*7+1,2)+1)-'設定'!$B$4)/7)+IF('設定'!$D$12="",0,'設定'!$D$12),16)<8,"P",IF(MOD(INT((($D$3+2*7+1-WEEKDAY($D$3+2*7+1,2)+1)-'設定'!$B$4)/7)+IF('設定'!$D$12="",0,'設定'!$D$12),16)<12,"N","P"))),"")))))) | C28: =IF(OR(C22="",'設定'!$B$12=""),"",IF(COUNTIFS(LeaveName,'設定'!$B$12,LeaveDate,"="&($D$3+2*7+2),LeaveType,"AL")>0,"AL",IF(COUNTIFS(LeaveName,'設定'!$B$12,LeaveDate,"="&($D$3+2*7+2),LeaveType,"SL")>0,"SL",IF('設定'!$B$12="","",IF('設定'!$C$12="S","S",IF('設定'!$C$12="R",IF(MOD(INT((($D$3+2*7+2-WEEKDAY($D$3+2*7+2,2)+1)-'設定'!$B$4)/7)+IF('設定'!$D$12="",0,'設定'!$D$12),16)<4,"A",IF(MOD(INT((($D$3+2*7+2-WEEKDAY($D$3+2*7+2,2)+1)-'設定'!$B$4)/7)+IF('設定'!$D$12="",0,'設定'!$D$12),16)<8,"P",IF(MOD(INT((($D$3+2*7+2-WEEKDAY($D$3+2*7+2,2)+1)-'設定'!$B$4)/7)+IF('設定'!$D$12="",0,'設定'!$D$12),16)<12,"N","P"))),"")))))) | D28: =IF(OR(D22="",'設定'!$B$12=""),"",IF(COUNTIFS(LeaveName,'設定'!$B$12,LeaveDate,"="&($D$3+2*7+3),LeaveType,"AL")>0,"AL",IF(COUNTIFS(LeaveName,'設定'!$B$12,LeaveDate,"="&($D$3+2*7+3),LeaveType,"SL")>0,"SL",IF('設定'!$B$12="","",IF('設定'!$C$12="S","S",IF('設定'!$C$12="R",IF(MOD(INT((($D$3+2*7+3-WEEKDAY($D$3+2*7+3,2)+1)-'設定'!$B$4)/7)+IF('設定'!$D$12="",0,'設定'!$D$12),16)<4,"A",IF(MOD(INT((($D$3+2*7+3-WEEKDAY($D$3+2*7+3,2)+1)-'設定'!$B$4)/7)+IF('設定'!$D$12="",0,'設定'!$D$12),16)<8,"P",IF(MOD(INT((($D$3+2*7+3-WEEKDAY($D$3+2*7+3,2)+1)-'設定'!$B$4)/7)+IF('設定'!$D$12="",0,'設定'!$D$12),16)<12,"N","P"))),"")))))) | E28: =IF(OR(E22="",'設定'!$B$12=""),"",IF(COUNTIFS(LeaveName,'設定'!$B$12,LeaveDate,"="&($D$3+2*7+4),LeaveType,"AL")>0,"AL",IF(COUNTIFS(LeaveName,'設定'!$B$12,LeaveDate,"="&($D$3+2*7+4),LeaveType,"SL")>0,"SL",IF('設定'!$B$12="","",IF('設定'!$C$12="S","S",IF('設定'!$C$12="R",IF(MOD(INT((($D$3+2*7+4-WEEKDAY($D$3+2*7+4,2)+1)-'設定'!$B$4)/7)+IF('設定'!$D$12="",0,'設定'!$D$12),16)<4,"A",IF(MOD(INT((($D$3+2*7+4-WEEKDAY($D$3+2*7+4,2)+1)-'設定'!$B$4)/7)+IF('設定'!$D$12="",0,'設定'!$D$12),16)<8,"P",IF(MOD(INT((($D$3+2*7+4-WEEKDAY($D$3+2*7+4,2)+1)-'設定'!$B$4)/7)+IF('設定'!$D$12="",0,'設定'!$D$12),16)<12,"N","P"))),"")))))) | F28: =IF(OR(F22="",'設定'!$B$12=""),"",IF(COUNTIFS(LeaveName,'設定'!$B$12,LeaveDate,"="&($D$3+2*7+5),LeaveType,"AL")>0,"AL",IF(COUNTIFS(LeaveName,'設定'!$B$12,LeaveDate,"="&($D$3+2*7+5),LeaveType,"SL")>0,"SL",IF('設定'!$B$12="","",IF('設定'!$C$12="S","S",IF('設定'!$C$12="R",IF(MOD(INT((($D$3+2*7+5-WEEKDAY($D$3+2*7+5,2)+1)-'設定'!$B$4)/7)+IF('設定'!$D$12="",0,'設定'!$D$12),16)<4,"A",IF(MOD(INT((($D$3+2*7+5-WEEKDAY($D$3+2*7+5,2)+1)-'設定'!$B$4)/7)+IF('設定'!$D$12="",0,'設定'!$D$12),16)<8,"P",IF(MOD(INT((($D$3+2*7+5-WEEKDAY($D$3+2*7+5,2)+1)-'設定'!$B$4)/7)+IF('設定'!$D$12="",0,'設定'!$D$12),16)<12,"N","P"))),"")))))) | G28: =IF(OR(G22="",'設定'!$B$12=""),"",IF(COUNTIFS(LeaveName,'設定'!$B$12,LeaveDate,"="&($D$3+2*7+6),LeaveType,"AL")>0,"AL",IF(COUNTIFS(LeaveName,'設定'!$B$12,LeaveDate,"="&($D$3+2*7+6),LeaveType,"SL")>0,"SL",IF('設定'!$B$12="","",IF('設定'!$C$12="S","S",IF('設定'!$C$12="R",IF(MOD(INT((($D$3+2*7+6-WEEKDAY($D$3+2*7+6,2)+1)-'設定'!$B$4)/7)+IF('設定'!$D$12="",0,'設定'!$D$12),16)<4,"A",IF(MOD(INT((($D$3+2*7+6-WEEKDAY($D$3+2*7+6,2)+1)-'設定'!$B$4)/7)+IF('設定'!$D$12="",0,'設定'!$D$12),16)<8,"P",IF(MOD(INT((($D$3+2*7+6-WEEKDAY($D$3+2*7+6,2)+1)-'設定'!$B$4)/7)+IF('設定'!$D$12="",0,'設定'!$D$12),16)<12,"N","P"))),"")))))) | I28: ='設定'!B12
A29: =IF(OR(A22="",'設定'!$B$13=""),"",IF(COUNTIFS(LeaveName,'設定'!$B$13,LeaveDate,"="&($D$3+2*7+0),LeaveType,"AL")>0,"AL",IF(COUNTIFS(LeaveName,'設定'!$B$13,LeaveDate,"="&($D$3+2*7+0),LeaveType,"SL")>0,"SL",IF('設定'!$B$13="","",IF('設定'!$C$13="S","S",IF('設定'!$C$13="R",IF(MOD(INT((($D$3+2*7+0-WEEKDAY($D$3+2*7+0,2)+1)-'設定'!$B$4)/7)+IF('設定'!$D$13="",0,'設定'!$D$13),16)<4,"A",IF(MOD(INT((($D$3+2*7+0-WEEKDAY($D$3+2*7+0,2)+1)-'設定'!$B$4)/7)+IF('設定'!$D$13="",0,'設定'!$D$13),16)<8,"P",IF(MOD(INT((($D$3+2*7+0-WEEKDAY($D$3+2*7+0,2)+1)-'設定'!$B$4)/7)+IF('設定'!$D$13="",0,'設定'!$D$13),16)<12,"N","P"))),"")))))) | B29: =IF(OR(B22="",'設定'!$B$13=""),"",IF(COUNTIFS(LeaveName,'設定'!$B$13,LeaveDate,"="&($D$3+2*7+1),LeaveType,"AL")>0,"AL",IF(COUNTIFS(LeaveName,'設定'!$B$13,LeaveDate,"="&($D$3+2*7+1),LeaveType,"SL")>0,"SL",IF('設定'!$B$13="","",IF('設定'!$C$13="S","S",IF('設定'!$C$13="R",IF(MOD(INT((($D$3+2*7+1-WEEKDAY($D$3+2*7+1,2)+1)-'設定'!$B$4)/7)+IF('設定'!$D$13="",0,'設定'!$D$13),16)<4,"A",IF(MOD(INT((($D$3+2*7+1-WEEKDAY($D$3+2*7+1,2)+1)-'設定'!$B$4)/7)+IF('設定'!$D$13="",0,'設定'!$D$13),16)<8,"P",IF(MOD(INT((($D$3+2*7+1-WEEKDAY($D$3+2*7+1,2)+1)-'設定'!$B$4)/7)+IF('設定'!$D$13="",0,'設定'!$D$13),16)<12,"N","P"))),"")))))) | C29: =IF(OR(C22="",'設定'!$B$13=""),"",IF(COUNTIFS(LeaveName,'設定'!$B$13,LeaveDate,"="&($D$3+2*7+2),LeaveType,"AL")>0,"AL",IF(COUNTIFS(LeaveName,'設定'!$B$13,LeaveDate,"="&($D$3+2*7+2),LeaveType,"SL")>0,"SL",IF('設定'!$B$13="","",IF('設定'!$C$13="S","S",IF('設定'!$C$13="R",IF(MOD(INT((($D$3+2*7+2-WEEKDAY($D$3+2*7+2,2)+1)-'設定'!$B$4)/7)+IF('設定'!$D$13="",0,'設定'!$D$13),16)<4,"A",IF(MOD(INT((($D$3+2*7+2-WEEKDAY($D$3+2*7+2,2)+1)-'設定'!$B$4)/7)+IF('設定'!$D$13="",0,'設定'!$D$13),16)<8,"P",IF(MOD(INT((($D$3+2*7+2-WEEKDAY($D$3+2*7+2,2)+1)-'設定'!$B$4)/7)+IF('設定'!$D$13="",0,'設定'!$D$13),16)<12,"N","P"))),"")))))) | D29: =IF(OR(D22="",'設定'!$B$13=""),"",IF(COUNTIFS(LeaveName,'設定'!$B$13,LeaveDate,"="&($D$3+2*7+3),LeaveType,"AL")>0,"AL",IF(COUNTIFS(LeaveName,'設定'!$B$13,LeaveDate,"="&($D$3+2*7+3),LeaveType,"SL")>0,"SL",IF('設定'!$B$13="","",IF('設定'!$C$13="S","S",IF('設定'!$C$13="R",IF(MOD(INT((($D$3+2*7+3-WEEKDAY($D$3+2*7+3,2)+1)-'設定'!$B$4)/7)+IF('設定'!$D$13="",0,'設定'!$D$13),16)<4,"A",IF(MOD(INT((($D$3+2*7+3-WEEKDAY($D$3+2*7+3,2)+1)-'設定'!$B$4)/7)+IF('設定'!$D$13="",0,'設定'!$D$13),16)<8,"P",IF(MOD(INT((($D$3+2*7+3-WEEKDAY($D$3+2*7+3,2)+1)-'設定'!$B$4)/7)+IF('設定'!$D$13="",0,'設定'!$D$13),16)<12,"N","P"))),"")))))) | E29: =IF(OR(E22="",'設定'!$B$13=""),"",IF(COUNTIFS(LeaveName,'設定'!$B$13,LeaveDate,"="&($D$3+2*7+4),LeaveType,"AL")>0,"AL",IF(COUNTIFS(LeaveName,'設定'!$B$13,LeaveDate,"="&($D$3+2*7+4),LeaveType,"SL")>0,"SL",IF('設定'!$B$13="","",IF('設定'!$C$13="S","S",IF('設定'!$C$13="R",IF(MOD(INT((($D$3+2*7+4-WEEKDAY($D$3+2*7+4,2)+1)-'設定'!$B$4)/7)+IF('設定'!$D$13="",0,'設定'!$D$13),16)<4,"A",IF(MOD(INT((($D$3+2*7+4-WEEKDAY($D$3+2*7+4,2)+1)-'設定'!$B$4)/7)+IF('設定'!$D$13="",0,'設定'!$D$13),16)<8,"P",IF(MOD(INT((($D$3+2*7+4-WEEKDAY($D$3+2*7+4,2)+1)-'設定'!$B$4)/7)+IF('設定'!$D$13="",0,'設定'!$D$13),16)<12,"N","P"))),"")))))) | F29: =IF(OR(F22="",'設定'!$B$13=""),"",IF(COUNTIFS(LeaveName,'設定'!$B$13,LeaveDate,"="&($D$3+2*7+5),LeaveType,"AL")>0,"AL",IF(COUNTIFS(LeaveName,'設定'!$B$13,LeaveDate,"="&($D$3+2*7+5),LeaveType,"SL")>0,"SL",IF('設定'!$B$13="","",IF('設定'!$C$13="S","S",IF('設定'!$C$13="R",IF(MOD(INT((($D$3+2*7+5-WEEKDAY($D$3+2*7+5,2)+1)-'設定'!$B$4)/7)+IF('設定'!$D$13="",0,'設定'!$D$13),16)<4,"A",IF(MOD(INT((($D$3+2*7+5-WEEKDAY($D$3+2*7+5,2)+1)-'設定'!$B$4)/7)+IF('設定'!$D$13="",0,'設定'!$D$13),16)<8,"P",IF(MOD(INT((($D$3+2*7+5-WEEKDAY($D$3+2*7+5,2)+1)-'設定'!$B$4)/7)+IF('設定'!$D$13="",0,'設定'!$D$13),16)<12,"N","P"))),"")))))) | G29: =IF(OR(G22="",'設定'!$B$13=""),"",IF(COUNTIFS(LeaveName,'設定'!$B$13,LeaveDate,"="&($D$3+2*7+6),LeaveType,"AL")>0,"AL",IF(COUNTIFS(LeaveName,'設定'!$B$13,LeaveDate,"="&($D$3+2*7+6),LeaveType,"SL")>0,"SL",IF('設定'!$B$13="","",IF('設定'!$C$13="S","S",IF('設定'!$C$13="R",IF(MOD(INT((($D$3+2*7+6-WEEKDAY($D$3+2*7+6,2)+1)-'設定'!$B$4)/7)+IF('設定'!$D$13="",0,'設定'!$D$13),16)<4,"A",IF(MOD(INT((($D$3+2*7+6-WEEKDAY($D$3+2*7+6,2)+1)-'設定'!$B$4)/7)+IF('設定'!$D$13="",0,'設定'!$D$13),16)<8,"P",IF(MOD(INT((($D$3+2*7+6-WEEKDAY($D$3+2*7+6,2)+1)-'設定'!$B$4)/7)+IF('設定'!$D$13="",0,'設定'!$D$13),16)<12,"N","P"))),"")))))) | I29: ='設定'!B13
A30: =IF(OR(MONTH($D$3+3*7+0)<>MONTH($B$3),YEAR($D$3+3*7+0)<>YEAR($B$3)),"",$D$3+3*7+0) | B30: =IF(OR(MONTH($D$3+3*7+1)<>MONTH($B$3),YEAR($D$3+3*7+1)<>YEAR($B$3)),"",$D$3+3*7+1) | C30: =IF(OR(MONTH($D$3+3*7+2)<>MONTH($B$3),YEAR($D$3+3*7+2)<>YEAR($B$3)),"",$D$3+3*7+2) | D30: =IF(OR(MONTH($D$3+3*7+3)<>MONTH($B$3),YEAR($D$3+3*7+3)<>YEAR($B$3)),"",$D$3+3*7+3) | E30: =IF(OR(MONTH($D$3+3*7+4)<>MONTH($B$3),YEAR($D$3+3*7+4)<>YEAR($B$3)),"",$D$3+3*7+4) | F30: =IF(OR(MONTH($D$3+3*7+5)<>MONTH($B$3),YEAR($D$3+3*7+5)<>YEAR($B$3)),"",$D$3+3*7+5) | G30: =IF(OR(MONTH($D$3+3*7+6)<>MONTH($B$3),YEAR($D$3+3*7+6)<>YEAR($B$3)),"",$D$3+3*7+6) | I30: 日期
A31: =IF(A30="","",IFERROR(INDEX(HolidayNames,MATCH($D$3+3*7+0,HolidayDates,0)),"")) | B31: =IF(B30="","",IFERROR(INDEX(HolidayNames,MATCH($D$3+3*7+1,HolidayDates,0)),"")) | C31: =IF(C30="","",IFERROR(INDEX(HolidayNames,MATCH($D$3+3*7+2,HolidayDates,0)),"")) | D31: =IF(D30="","",IFERROR(INDEX(HolidayNames,MATCH($D$3+3*7+3,HolidayDates,0)),"")) | E31: =IF(E30="","",IFERROR(INDEX(HolidayNames,MATCH($D$3+3*7+4,HolidayDates,0)),"")) | F31: =IF(F30="","",IFERROR(INDEX(HolidayNames,MATCH($D$3+3*7+5,HolidayDates,0)),"")) | G31: =IF(G30="","",IFERROR(INDEX(HolidayNames,MATCH($D$3+3*7+6,HolidayDates,0)),"")) | I31: 公眾假期
A32: =IF(OR(A30="",'設定'!$B$8=""),"",IF(COUNTIFS(LeaveName,'設定'!$B$8,LeaveDate,"="&($D$3+3*7+0),LeaveType,"AL")>0,"AL",IF(COUNTIFS(LeaveName,'設定'!$B$8,LeaveDate,"="&($D$3+3*7+0),LeaveType,"SL")>0,"SL",IF('設定'!$B$8="","",IF('設定'!$C$8="S","S",IF('設定'!$C$8="R",IF(MOD(INT((($D$3+3*7+0-WEEKDAY($D$3+3*7+0,2)+1)-'設定'!$B$4)/7)+IF('設定'!$D$8="",0,'設定'!$D$8),16)<4,"A",IF(MOD(INT((($D$3+3*7+0-WEEKDAY($D$3+3*7+0,2)+1)-'設定'!$B$4)/7)+IF('設定'!$D$8="",0,'設定'!$D$8),16)<8,"P",IF(MOD(INT((($D$3+3*7+0-WEEKDAY($D$3+3*7+0,2)+1)-'設定'!$B$4)/7)+IF('設定'!$D$8="",0,'設定'!$D$8),16)<12,"N","P"))),"")))))) | B32: =IF(OR(B30="",'設定'!$B$8=""),"",IF(COUNTIFS(LeaveName,'設定'!$B$8,LeaveDate,"="&($D$3+3*7+1),LeaveType,"AL")>0,"AL",IF(COUNTIFS(LeaveName,'設定'!$B$8,LeaveDate,"="&($D$3+3*7+1),LeaveType,"SL")>0,"SL",IF('設定'!$B$8="","",IF('設定'!$C$8="S","S",IF('設定'!$C$8="R",IF(MOD(INT((($D$3+3*7+1-WEEKDAY($D$3+3*7+1,2)+1)-'設定'!$B$4)/7)+IF('設定'!$D$8="",0,'設定'!$D$8),16)<4,"A",IF(MOD(INT((($D$3+3*7+1-WEEKDAY($D$3+3*7+1,2)+1)-'設定'!$B$4)/7)+IF('設定'!$D$8="",0,'設定'!$D$8),16)<8,"P",IF(MOD(INT((($D$3+3*7+1-WEEKDAY($D$3+3*7+1,2)+1)-'設定'!$B$4)/7)+IF('設定'!$D$8="",0,'設定'!$D$8),16)<12,"N","P"))),"")))))) | C32: =IF(OR(C30="",'設定'!$B$8=""),"",IF(COUNTIFS(LeaveName,'設定'!$B$8,LeaveDate,"="&($D$3+3*7+2),LeaveType,"AL")>0,"AL",IF(COUNTIFS(LeaveName,'設定'!$B$8,LeaveDate,"="&($D$3+3*7+2),LeaveType,"SL")>0,"SL",IF('設定'!$B$8="","",IF('設定'!$C$8="S","S",IF('設定'!$C$8="R",IF(MOD(INT((($D$3+3*7+2-WEEKDAY($D$3+3*7+2,2)+1)-'設定'!$B$4)/7)+IF('設定'!$D$8="",0,'設定'!$D$8),16)<4,"A",IF(MOD(INT((($D$3+3*7+2-WEEKDAY($D$3+3*7+2,2)+1)-'設定'!$B$4)/7)+IF('設定'!$D$8="",0,'設定'!$D$8),16)<8,"P",IF(MOD(INT((($D$3+3*7+2-WEEKDAY($D$3+3*7+2,2)+1)-'設定'!$B$4)/7)+IF('設定'!$D$8="",0,'設定'!$D$8),16)<12,"N","P"))),"")))))) | D32: =IF(OR(D30="",'設定'!$B$8=""),"",IF(COUNTIFS(LeaveName,'設定'!$B$8,LeaveDate,"="&($D$3+3*7+3),LeaveType,"AL")>0,"AL",IF(COUNTIFS(LeaveName,'設定'!$B$8,LeaveDate,"="&($D$3+3*7+3),LeaveType,"SL")>0,"SL",IF('設定'!$B$8="","",IF('設定'!$C$8="S","S",IF('設定'!$C$8="R",IF(MOD(INT((($D$3+3*7+3-WEEKDAY($D$3+3*7+3,2)+1)-'設定'!$B$4)/7)+IF('設定'!$D$8="",0,'設定'!$D$8),16)<4,"A",IF(MOD(INT((($D$3+3*7+3-WEEKDAY($D$3+3*7+3,2)+1)-'設定'!$B$4)/7)+IF('設定'!$D$8="",0,'設定'!$D$8),16)<8,"P",IF(MOD(INT((($D$3+3*7+3-WEEKDAY($D$3+3*7+3,2)+1)-'設定'!$B$4)/7)+IF('設定'!$D$8="",0,'設定'!$D$8),16)<12,"N","P"))),"")))))) | E32: =IF(OR(E30="",'設定'!$B$8=""),"",IF(COUNTIFS(LeaveName,'設定'!$B$8,LeaveDate,"="&($D$3+3*7+4),LeaveType,"AL")>0,"AL",IF(COUNTIFS(LeaveName,'設定'!$B$8,LeaveDate,"="&($D$3+3*7+4),LeaveType,"SL")>0,"SL",IF('設定'!$B$8="","",IF('設定'!$C$8="S","S",IF('設定'!$C$8="R",IF(MOD(INT((($D$3+3*7+4-WEEKDAY($D$3+3*7+4,2)+1)-'設定'!$B$4)/7)+IF('設定'!$D$8="",0,'設定'!$D$8),16)<4,"A",IF(MOD(INT((($D$3+3*7+4-WEEKDAY($D$3+3*7+4,2)+1)-'設定'!$B$4)/7)+IF('設定'!$D$8="",0,'設定'!$D$8),16)<8,"P",IF(MOD(INT((($D$3+3*7+4-WEEKDAY($D$3+3*7+4,2)+1)-'設定'!$B$4)/7)+IF('設定'!$D$8="",0,'設定'!$D$8),16)<12,"N","P"))),"")))))) | F32: =IF(OR(F30="",'設定'!$B$8=""),"",IF(COUNTIFS(LeaveName,'設定'!$B$8,LeaveDate,"="&($D$3+3*7+5),LeaveType,"AL")>0,"AL",IF(COUNTIFS(LeaveName,'設定'!$B$8,LeaveDate,"="&($D$3+3*7+5),LeaveType,"SL")>0,"SL",IF('設定'!$B$8="","",IF('設定'!$C$8="S","S",IF('設定'!$C$8="R",IF(MOD(INT((($D$3+3*7+5-WEEKDAY($D$3+3*7+5,2)+1)-'設定'!$B$4)/7)+IF('設定'!$D$8="",0,'設定'!$D$8),16)<4,"A",IF(MOD(INT((($D$3+3*7+5-WEEKDAY($D$3+3*7+5,2)+1)-'設定'!$B$4)/7)+IF('設定'!$D$8="",0,'設定'!$D$8),16)<8,"P",IF(MOD(INT((($D$3+3*7+5-WEEKDAY($D$3+3*7+5,2)+1)-'設定'!$B$4)/7)+IF('設定'!$D$8="",0,'設定'!$D$8),16)<12,"N","P"))),"")))))) | G32: =IF(OR(G30="",'設定'!$B$8=""),"",IF(COUNTIFS(LeaveName,'設定'!$B$8,LeaveDate,"="&($D$3+3*7+6),LeaveType,"AL")>0,"AL",IF(COUNTIFS(LeaveName,'設定'!$B$8,LeaveDate,"="&($D$3+3*7+6),LeaveType,"SL")>0,"SL",IF('設定'!$B$8="","",IF('設定'!$C$8="S","S",IF('設定'!$C$8="R",IF(MOD(INT((($D$3+3*7+6-WEEKDAY($D$3+3*7+6,2)+1)-'設定'!$B$4)/7)+IF('設定'!$D$8="",0,'設定'!$D$8),16)<4,"A",IF(MOD(INT((($D$3+3*7+6-WEEKDAY($D$3+3*7+6,2)+1)-'設定'!$B$4)/7)+IF('設定'!$D$8="",0,'設定'!$D$8),16)<8,"P",IF(MOD(INT((($D$3+3*7+6-WEEKDAY($D$3+3*7+6,2)+1)-'設定'!$B$4)/7)+IF('設定'!$D$8="",0,'設定'!$D$8),16)<12,"N","P"))),"")))))) | I32: ='設定'!B8
A33: =IF(OR(A30="",'設定'!$B$9=""),"",IF(COUNTIFS(LeaveName,'設定'!$B$9,LeaveDate,"="&($D$3+3*7+0),LeaveType,"AL")>0,"AL",IF(COUNTIFS(LeaveName,'設定'!$B$9,LeaveDate,"="&($D$3+3*7+0),LeaveType,"SL")>0,"SL",IF('設定'!$B$9="","",IF('設定'!$C$9="S","S",IF('設定'!$C$9="R",IF(MOD(INT((($D$3+3*7+0-WEEKDAY($D$3+3*7+0,2)+1)-'設定'!$B$4)/7)+IF('設定'!$D$9="",0,'設定'!$D$9),16)<4,"A",IF(MOD(INT((($D$3+3*7+0-WEEKDAY($D$3+3*7+0,2)+1)-'設定'!$B$4)/7)+IF('設定'!$D$9="",0,'設定'!$D$9),16)<8,"P",IF(MOD(INT((($D$3+3*7+0-WEEKDAY($D$3+3*7+0,2)+1)-'設定'!$B$4)/7)+IF('設定'!$D$9="",0,'設定'!$D$9),16)<12,"N","P"))),"")))))) | B33: =IF(OR(B30="",'設定'!$B$9=""),"",IF(COUNTIFS(LeaveName,'設定'!$B$9,LeaveDate,"="&($D$3+3*7+1),LeaveType,"AL")>0,"AL",IF(COUNTIFS(LeaveName,'設定'!$B$9,LeaveDate,"="&($D$3+3*7+1),LeaveType,"SL")>0,"SL",IF('設定'!$B$9="","",IF('設定'!$C$9="S","S",IF('設定'!$C$9="R",IF(MOD(INT((($D$3+3*7+1-WEEKDAY($D$3+3*7+1,2)+1)-'設定'!$B$4)/7)+IF('設定'!$D$9="",0,'設定'!$D$9),16)<4,"A",IF(MOD(INT((($D$3+3*7+1-WEEKDAY($D$3+3*7+1,2)+1)-'設定'!$B$4)/7)+IF('設定'!$D$9="",0,'設定'!$D$9),16)<8,"P",IF(MOD(INT((($D$3+3*7+1-WEEKDAY($D$3+3*7+1,2)+1)-'設定'!$B$4)/7)+IF('設定'!$D$9="",0,'設定'!$D$9),16)<12,"N","P"))),"")))))) | C33: =IF(OR(C30="",'設定'!$B$9=""),"",IF(COUNTIFS(LeaveName,'設定'!$B$9,LeaveDate,"="&($D$3+3*7+2),LeaveType,"AL")>0,"AL",IF(COUNTIFS(LeaveName,'設定'!$B$9,LeaveDate,"="&($D$3+3*7+2),LeaveType,"SL")>0,"SL",IF('設定'!$B$9="","",IF('設定'!$C$9="S","S",IF('設定'!$C$9="R",IF(MOD(INT((($D$3+3*7+2-WEEKDAY($D$3+3*7+2,2)+1)-'設定'!$B$4)/7)+IF('設定'!$D$9="",0,'設定'!$D$9),16)<4,"A",IF(MOD(INT((($D$3+3*7+2-WEEKDAY($D$3+3*7+2,2)+1)-'設定'!$B$4)/7)+IF('設定'!$D$9="",0,'設定'!$D$9),16)<8,"P",IF(MOD(INT((($D$3+3*7+2-WEEKDAY($D$3+3*7+2,2)+1)-'設定'!$B$4)/7)+IF('設定'!$D$9="",0,'設定'!$D$9),16)<12,"N","P"))),"")))))) | D33: =IF(OR(D30="",'設定'!$B$9=""),"",IF(COUNTIFS(LeaveName,'設定'!$B$9,LeaveDate,"="&($D$3+3*7+3),LeaveType,"AL")>0,"AL",IF(COUNTIFS(LeaveName,'設定'!$B$9,LeaveDate,"="&($D$3+3*7+3),LeaveType,"SL")>0,"SL",IF('設定'!$B$9="","",IF('設定'!$C$9="S","S",IF('設定'!$C$9="R",IF(MOD(INT((($D$3+3*7+3-WEEKDAY($D$3+3*7+3,2)+1)-'設定'!$B$4)/7)+IF('設定'!$D$9="",0,'設定'!$D$9),16)<4,"A",IF(MOD(INT((($D$3+3*7+3-WEEKDAY($D$3+3*7+3,2)+1)-'設定'!$B$4)/7)+IF('設定'!$D$9="",0,'設定'!$D$9),16)<8,"P",IF(MOD(INT((($D$3+3*7+3-WEEKDAY($D$3+3*7+3,2)+1)-'設定'!$B$4)/7)+IF('設定'!$D$9="",0,'設定'!$D$9),16)<12,"N","P"))),"")))))) | E33: =IF(OR(E30="",'設定'!$B$9=""),"",IF(COUNTIFS(LeaveName,'設定'!$B$9,LeaveDate,"="&($D$3+3*7+4),LeaveType,"AL")>0,"AL",IF(COUNTIFS(LeaveName,'設定'!$B$9,LeaveDate,"="&($D$3+3*7+4),LeaveType,"SL")>0,"SL",IF('設定'!$B$9="","",IF('設定'!$C$9="S","S",IF('設定'!$C$9="R",IF(MOD(INT((($D$3+3*7+4-WEEKDAY($D$3+3*7+4,2)+1)-'設定'!$B$4)/7)+IF('設定'!$D$9="",0,'設定'!$D$9),16)<4,"A",IF(MOD(INT((($D$3+3*7+4-WEEKDAY($D$3+3*7+4,2)+1)-'設定'!$B$4)/7)+IF('設定'!$D$9="",0,'設定'!$D$9),16)<8,"P",IF(MOD(INT((($D$3+3*7+4-WEEKDAY($D$3+3*7+4,2)+1)-'設定'!$B$4)/7)+IF('設定'!$D$9="",0,'設定'!$D$9),16)<12,"N","P"))),"")))))) | F33: =IF(OR(F30="",'設定'!$B$9=""),"",IF(COUNTIFS(LeaveName,'設定'!$B$9,LeaveDate,"="&($D$3+3*7+5),LeaveType,"AL")>0,"AL",IF(COUNTIFS(LeaveName,'設定'!$B$9,LeaveDate,"="&($D$3+3*7+5),LeaveType,"SL")>0,"SL",IF('設定'!$B$9="","",IF('設定'!$C$9="S","S",IF('設定'!$C$9="R",IF(MOD(INT((($D$3+3*7+5-WEEKDAY($D$3+3*7+5,2)+1)-'設定'!$B$4)/7)+IF('設定'!$D$9="",0,'設定'!$D$9),16)<4,"A",IF(MOD(INT((($D$3+3*7+5-WEEKDAY($D$3+3*7+5,2)+1)-'設定'!$B$4)/7)+IF('設定'!$D$9="",0,'設定'!$D$9),16)<8,"P",IF(MOD(INT((($D$3+3*7+5-WEEKDAY($D$3+3*7+5,2)+1)-'設定'!$B$4)/7)+IF('設定'!$D$9="",0,'設定'!$D$9),16)<12,"N","P"))),"")))))) | G33: =IF(OR(G30="",'設定'!$B$9=""),"",IF(COUNTIFS(LeaveName,'設定'!$B$9,LeaveDate,"="&($D$3+3*7+6),LeaveType,"AL")>0,"AL",IF(COUNTIFS(LeaveName,'設定'!$B$9,LeaveDate,"="&($D$3+3*7+6),LeaveType,"SL")>0,"SL",IF('設定'!$B$9="","",IF('設定'!$C$9="S","S",IF('設定'!$C$9="R",IF(MOD(INT((($D$3+3*7+6-WEEKDAY($D$3+3*7+6,2)+1)-'設定'!$B$4)/7)+IF('設定'!$D$9="",0,'設定'!$D$9),16)<4,"A",IF(MOD(INT((($D$3+3*7+6-WEEKDAY($D$3+3*7+6,2)+1)-'設定'!$B$4)/7)+IF('設定'!$D$9="",0,'設定'!$D$9),16)<8,"P",IF(MOD(INT((($D$3+3*7+6-WEEKDAY($D$3+3*7+6,2)+1)-'設定'!$B$4)/7)+IF('設定'!$D$9="",0,'設定'!$D$9),16)<12,"N","P"))),"")))))) | I33: ='設定'!B9
A34: =IF(OR(A30="",'設定'!$B$10=""),"",IF(COUNTIFS(LeaveName,'設定'!$B$10,LeaveDate,"="&($D$3+3*7+0),LeaveType,"AL")>0,"AL",IF(COUNTIFS(LeaveName,'設定'!$B$10,LeaveDate,"="&($D$3+3*7+0),LeaveType,"SL")>0,"SL",IF('設定'!$B$10="","",IF('設定'!$C$10="S","S",IF('設定'!$C$10="R",IF(MOD(INT((($D$3+3*7+0-WEEKDAY($D$3+3*7+0,2)+1)-'設定'!$B$4)/7)+IF('設定'!$D$10="",0,'設定'!$D$10),16)<4,"A",IF(MOD(INT((($D$3+3*7+0-WEEKDAY($D$3+3*7+0,2)+1)-'設定'!$B$4)/7)+IF('設定'!$D$10="",0,'設定'!$D$10),16)<8,"P",IF(MOD(INT((($D$3+3*7+0-WEEKDAY($D$3+3*7+0,2)+1)-'設定'!$B$4)/7)+IF('設定'!$D$10="",0,'設定'!$D$10),16)<12,"N","P"))),"")))))) | B34: =IF(OR(B30="",'設定'!$B$10=""),"",IF(COUNTIFS(LeaveName,'設定'!$B$10,LeaveDate,"="&($D$3+3*7+1),LeaveType,"AL")>0,"AL",IF(COUNTIFS(LeaveName,'設定'!$B$10,LeaveDate,"="&($D$3+3*7+1),LeaveType,"SL")>0,"SL",IF('設定'!$B$10="","",IF('設定'!$C$10="S","S",IF('設定'!$C$10="R",IF(MOD(INT((($D$3+3*7+1-WEEKDAY($D$3+3*7+1,2)+1)-'設定'!$B$4)/7)+IF('設定'!$D$10="",0,'設定'!$D$10),16)<4,"A",IF(MOD(INT((($D$3+3*7+1-WEEKDAY($D$3+3*7+1,2)+1)-'設定'!$B$4)/7)+IF('設定'!$D$10="",0,'設定'!$D$10),16)<8,"P",IF(MOD(INT((($D$3+3*7+1-WEEKDAY($D$3+3*7+1,2)+1)-'設定'!$B$4)/7)+IF('設定'!$D$10="",0,'設定'!$D$10),16)<12,"N","P"))),"")))))) | C34: =IF(OR(C30="",'設定'!$B$10=""),"",IF(COUNTIFS(LeaveName,'設定'!$B$10,LeaveDate,"="&($D$3+3*7+2),LeaveType,"AL")>0,"AL",IF(COUNTIFS(LeaveName,'設定'!$B$10,LeaveDate,"="&($D$3+3*7+2),LeaveType,"SL")>0,"SL",IF('設定'!$B$10="","",IF('設定'!$C$10="S","S",IF('設定'!$C$10="R",IF(MOD(INT((($D$3+3*7+2-WEEKDAY($D$3+3*7+2,2)+1)-'設定'!$B$4)/7)+IF('設定'!$D$10="",0,'設定'!$D$10),16)<4,"A",IF(MOD(INT((($D$3+3*7+2-WEEKDAY($D$3+3*7+2,2)+1)-'設定'!$B$4)/7)+IF('設定'!$D$10="",0,'設定'!$D$10),16)<8,"P",IF(MOD(INT((($D$3+3*7+2-WEEKDAY($D$3+3*7+2,2)+1)-'設定'!$B$4)/7)+IF('設定'!$D$10="",0,'設定'!$D$10),16)<12,"N","P"))),"")))))) | D34: =IF(OR(D30="",'設定'!$B$10=""),"",IF(COUNTIFS(LeaveName,'設定'!$B$10,LeaveDate,"="&($D$3+3*7+3),LeaveType,"AL")>0,"AL",IF(COUNTIFS(LeaveName,'設定'!$B$10,LeaveDate,"="&($D$3+3*7+3),LeaveType,"SL")>0,"SL",IF('設定'!$B$10="","",IF('設定'!$C$10="S","S",IF('設定'!$C$10="R",IF(MOD(INT((($D$3+3*7+3-WEEKDAY($D$3+3*7+3,2)+1)-'設定'!$B$4)/7)+IF('設定'!$D$10="",0,'設定'!$D$10),16)<4,"A",IF(MOD(INT((($D$3+3*7+3-WEEKDAY($D$3+3*7+3,2)+1)-'設定'!$B$4)/7)+IF('設定'!$D$10="",0,'設定'!$D$10),16)<8,"P",IF(MOD(INT((($D$3+3*7+3-WEEKDAY($D$3+3*7+3,2)+1)-'設定'!$B$4)/7)+IF('設定'!$D$10="",0,'設定'!$D$10),16)<12,"N","P"))),"")))))) | E34: =IF(OR(E30="",'設定'!$B$10=""),"",IF(COUNTIFS(LeaveName,'設定'!$B$10,LeaveDate,"="&($D$3+3*7+4),LeaveType,"AL")>0,"AL",IF(COUNTIFS(LeaveName,'設定'!$B$10,LeaveDate,"="&($D$3+3*7+4),LeaveType,"SL")>0,"SL",IF('設定'!$B$10="","",IF('設定'!$C$10="S","S",IF('設定'!$C$10="R",IF(MOD(INT((($D$3+3*7+4-WEEKDAY($D$3+3*7+4,2)+1)-'設定'!$B$4)/7)+IF('設定'!$D$10="",0,'設定'!$D$10),16)<4,"A",IF(MOD(INT((($D$3+3*7+4-WEEKDAY($D$3+3*7+4,2)+1)-'設定'!$B$4)/7)+IF('設定'!$D$10="",0,'設定'!$D$10),16)<8,"P",IF(MOD(INT((($D$3+3*7+4-WEEKDAY($D$3+3*7+4,2)+1)-'設定'!$B$4)/7)+IF('設定'!$D$10="",0,'設定'!$D$10),16)<12,"N","P"))),"")))))) | F34: =IF(OR(F30="",'設定'!$B$10=""),"",IF(COUNTIFS(LeaveName,'設定'!$B$10,LeaveDate,"="&($D$3+3*7+5),LeaveType,"AL")>0,"AL",IF(COUNTIFS(LeaveName,'設定'!$B$10,LeaveDate,"="&($D$3+3*7+5),LeaveType,"SL")>0,"SL",IF('設定'!$B$10="","",IF('設定'!$C$10="S","S",IF('設定'!$C$10="R",IF(MOD(INT((($D$3+3*7+5-WEEKDAY($D$3+3*7+5,2)+1)-'設定'!$B$4)/7)+IF('設定'!$D$10="",0,'設定'!$D$10),16)<4,"A",IF(MOD(INT((($D$3+3*7+5-WEEKDAY($D$3+3*7+5,2)+1)-'設定'!$B$4)/7)+IF('設定'!$D$10="",0,'設定'!$D$10),16)<8,"P",IF(MOD(INT((($D$3+3*7+5-WEEKDAY($D$3+3*7+5,2)+1)-'設定'!$B$4)/7)+IF('設定'!$D$10="",0,'設定'!$D$10),16)<12,"N","P"))),"")))))) | G34: =IF(OR(G30="",'設定'!$B$10=""),"",IF(COUNTIFS(LeaveName,'設定'!$B$10,LeaveDate,"="&($D$3+3*7+6),LeaveType,"AL")>0,"AL",IF(COUNTIFS(LeaveName,'設定'!$B$10,LeaveDate,"="&($D$3+3*7+6),LeaveType,"SL")>0,"SL",IF('設定'!$B$10="","",IF('設定'!$C$10="S","S",IF('設定'!$C$10="R",IF(MOD(INT((($D$3+3*7+6-WEEKDAY($D$3+3*7+6,2)+1)-'設定'!$B$4)/7)+IF('設定'!$D$10="",0,'設定'!$D$10),16)<4,"A",IF(MOD(INT((($D$3+3*7+6-WEEKDAY($D$3+3*7+6,2)+1)-'設定'!$B$4)/7)+IF('設定'!$D$10="",0,'設定'!$D$10),16)<8,"P",IF(MOD(INT((($D$3+3*7+6-WEEKDAY($D$3+3*7+6,2)+1)-'設定'!$B$4)/7)+IF('設定'!$D$10="",0,'設定'!$D$10),16)<12,"N","P"))),"")))))) | I34: ='設定'!B10
A35: =IF(OR(A30="",'設定'!$B$11=""),"",IF(COUNTIFS(LeaveName,'設定'!$B$11,LeaveDate,"="&($D$3+3*7+0),LeaveType,"AL")>0,"AL",IF(COUNTIFS(LeaveName,'設定'!$B$11,LeaveDate,"="&($D$3+3*7+0),LeaveType,"SL")>0,"SL",IF('設定'!$B$11="","",IF('設定'!$C$11="S","S",IF('設定'!$C$11="R",IF(MOD(INT((($D$3+3*7+0-WEEKDAY($D$3+3*7+0,2)+1)-'設定'!$B$4)/7)+IF('設定'!$D$11="",0,'設定'!$D$11),16)<4,"A",IF(MOD(INT((($D$3+3*7+0-WEEKDAY($D$3+3*7+0,2)+1)-'設定'!$B$4)/7)+IF('設定'!$D$11="",0,'設定'!$D$11),16)<8,"P",IF(MOD(INT((($D$3+3*7+0-WEEKDAY($D$3+3*7+0,2)+1)-'設定'!$B$4)/7)+IF('設定'!$D$11="",0,'設定'!$D$11),16)<12,"N","P"))),"")))))) | B35: =IF(OR(B30="",'設定'!$B$11=""),"",IF(COUNTIFS(LeaveName,'設定'!$B$11,LeaveDate,"="&($D$3+3*7+1),LeaveType,"AL")>0,"AL",IF(COUNTIFS(LeaveName,'設定'!$B$11,LeaveDate,"="&($D$3+3*7+1),LeaveType,"SL")>0,"SL",IF('設定'!$B$11="","",IF('設定'!$C$11="S","S",IF('設定'!$C$11="R",IF(MOD(INT((($D$3+3*7+1-WEEKDAY($D$3+3*7+1,2)+1)-'設定'!$B$4)/7)+IF('設定'!$D$11="",0,'設定'!$D$11),16)<4,"A",IF(MOD(INT((($D$3+3*7+1-WEEKDAY($D$3+3*7+1,2)+1)-'設定'!$B$4)/7)+IF('設定'!$D$11="",0,'設定'!$D$11),16)<8,"P",IF(MOD(INT((($D$3+3*7+1-WEEKDAY($D$3+3*7+1,2)+1)-'設定'!$B$4)/7)+IF('設定'!$D$11="",0,'設定'!$D$11),16)<12,"N","P"))),"")))))) | C35: =IF(OR(C30="",'設定'!$B$11=""),"",IF(COUNTIFS(LeaveName,'設定'!$B$11,LeaveDate,"="&($D$3+3*7+2),LeaveType,"AL")>0,"AL",IF(COUNTIFS(LeaveName,'設定'!$B$11,LeaveDate,"="&($D$3+3*7+2),LeaveType,"SL")>0,"SL",IF('設定'!$B$11="","",IF('設定'!$C$11="S","S",IF('設定'!$C$11="R",IF(MOD(INT((($D$3+3*7+2-WEEKDAY($D$3+3*7+2,2)+1)-'設定'!$B$4)/7)+IF('設定'!$D$11="",0,'設定'!$D$11),16)<4,"A",IF(MOD(INT((($D$3+3*7+2-WEEKDAY($D$3+3*7+2,2)+1)-'設定'!$B$4)/7)+IF('設定'!$D$11="",0,'設定'!$D$11),16)<8,"P",IF(MOD(INT((($D$3+3*7+2-WEEKDAY($D$3+3*7+2,2)+1)-'設定'!$B$4)/7)+IF('設定'!$D$11="",0,'設定'!$D$11),16)<12,"N","P"))),"")))))) | D35: =IF(OR(D30="",'設定'!$B$11=""),"",IF(COUNTIFS(LeaveName,'設定'!$B$11,LeaveDate,"="&($D$3+3*7+3),LeaveType,"AL")>0,"AL",IF(COUNTIFS(LeaveName,'設定'!$B$11,LeaveDate,"="&($D$3+3*7+3),LeaveType,"SL")>0,"SL",IF('設定'!$B$11="","",IF('設定'!$C$11="S","S",IF('設定'!$C$11="R",IF(MOD(INT((($D$3+3*7+3-WEEKDAY($D$3+3*7+3,2)+1)-'設定'!$B$4)/7)+IF('設定'!$D$11="",0,'設定'!$D$11),16)<4,"A",IF(MOD(INT((($D$3+3*7+3-WEEKDAY($D$3+3*7+3,2)+1)-'設定'!$B$4)/7)+IF('設定'!$D$11="",0,'設定'!$D$11),16)<8,"P",IF(MOD(INT((($D$3+3*7+3-WEEKDAY($D$3+3*7+3,2)+1)-'設定'!$B$4)/7)+IF('設定'!$D$11="",0,'設定'!$D$11),16)<12,"N","P"))),"")))))) | E35: =IF(OR(E30="",'設定'!$B$11=""),"",IF(COUNTIFS(LeaveName,'設定'!$B$11,LeaveDate,"="&($D$3+3*7+4),LeaveType,"AL")>0,"AL",IF(COUNTIFS(LeaveName,'設定'!$B$11,LeaveDate,"="&($D$3+3*7+4),LeaveType,"SL")>0,"SL",IF('設定'!$B$11="","",IF('設定'!$C$11="S","S",IF('設定'!$C$11="R",IF(MOD(INT((($D$3+3*7+4-WEEKDAY($D$3+3*7+4,2)+1)-'設定'!$B$4)/7)+IF('設定'!$D$11="",0,'設定'!$D$11),16)<4,"A",IF(MOD(INT((($D$3+3*7+4-WEEKDAY($D$3+3*7+4,2)+1)-'設定'!$B$4)/7)+IF('設定'!$D$11="",0,'設定'!$D$11),16)<8,"P",IF(MOD(INT((($D$3+3*7+4-WEEKDAY($D$3+3*7+4,2)+1)-'設定'!$B$4)/7)+IF('設定'!$D$11="",0,'設定'!$D$11),16)<12,"N","P"))),"")))))) | F35: =IF(OR(F30="",'設定'!$B$11=""),"",IF(COUNTIFS(LeaveName,'設定'!$B$11,LeaveDate,"="&($D$3+3*7+5),LeaveType,"AL")>0,"AL",IF(COUNTIFS(LeaveName,'設定'!$B$11,LeaveDate,"="&($D$3+3*7+5),LeaveType,"SL")>0,"SL",IF('設定'!$B$11="","",IF('設定'!$C$11="S","S",IF('設定'!$C$11="R",IF(MOD(INT((($D$3+3*7+5-WEEKDAY($D$3+3*7+5,2)+1)-'設定'!$B$4)/7)+IF('設定'!$D$11="",0,'設定'!$D$11),16)<4,"A",IF(MOD(INT((($D$3+3*7+5-WEEKDAY($D$3+3*7+5,2)+1)-'設定'!$B$4)/7)+IF('設定'!$D$11="",0,'設定'!$D$11),16)<8,"P",IF(MOD(INT((($D$3+3*7+5-WEEKDAY($D$3+3*7+5,2)+1)-'設定'!$B$4)/7)+IF('設定'!$D$11="",0,'設定'!$D$11),16)<12,"N","P"))),"")))))) | G35: =IF(OR(G30="",'設定'!$B$11=""),"",IF(COUNTIFS(LeaveName,'設定'!$B$11,LeaveDate,"="&($D$3+3*7+6),LeaveType,"AL")>0,"AL",IF(COUNTIFS(LeaveName,'設定'!$B$11,LeaveDate,"="&($D$3+3*7+6),LeaveType,"SL")>0,"SL",IF('設定'!$B$11="","",IF('設定'!$C$11="S","S",IF('設定'!$C$11="R",IF(MOD(INT((($D$3+3*7+6-WEEKDAY($D$3+3*7+6,2)+1)-'設定'!$B$4)/7)+IF('設定'!$D$11="",0,'設定'!$D$11),16)<4,"A",IF(MOD(INT((($D$3+3*7+6-WEEKDAY($D$3+3*7+6,2)+1)-'設定'!$B$4)/7)+IF('設定'!$D$11="",0,'設定'!$D$11),16)<8,"P",IF(MOD(INT((($D$3+3*7+6-WEEKDAY($D$3+3*7+6,2)+1)-'設定'!$B$4)/7)+IF('設定'!$D$11="",0,'設定'!$D$11),16)<12,"N","P"))),"")))))) | I35: ='設定'!B11
A36: =IF(OR(A30="",'設定'!$B$12=""),"",IF(COUNTIFS(LeaveName,'設定'!$B$12,LeaveDate,"="&($D$3+3*7+0),LeaveType,"AL")>0,"AL",IF(COUNTIFS(LeaveName,'設定'!$B$12,LeaveDate,"="&($D$3+3*7+0),LeaveType,"SL")>0,"SL",IF('設定'!$B$12="","",IF('設定'!$C$12="S","S",IF('設定'!$C$12="R",IF(MOD(INT((($D$3+3*7+0-WEEKDAY($D$3+3*7+0,2)+1)-'設定'!$B$4)/7)+IF('設定'!$D$12="",0,'設定'!$D$12),16)<4,"A",IF(MOD(INT((($D$3+3*7+0-WEEKDAY($D$3+3*7+0,2)+1)-'設定'!$B$4)/7)+IF('設定'!$D$12="",0,'設定'!$D$12),16)<8,"P",IF(MOD(INT((($D$3+3*7+0-WEEKDAY($D$3+3*7+0,2)+1)-'設定'!$B$4)/7)+IF('設定'!$D$12="",0,'設定'!$D$12),16)<12,"N","P"))),"")))))) | B36: =IF(OR(B30="",'設定'!$B$12=""),"",IF(COUNTIFS(LeaveName,'設定'!$B$12,LeaveDate,"="&($D$3+3*7+1),LeaveType,"AL")>0,"AL",IF(COUNTIFS(LeaveName,'設定'!$B$12,LeaveDate,"="&($D$3+3*7+1),LeaveType,"SL")>0,"SL",IF('設定'!$B$12="","",IF('設定'!$C$12="S","S",IF('設定'!$C$12="R",IF(MOD(INT((($D$3+3*7+1-WEEKDAY($D$3+3*7+1,2)+1)-'設定'!$B$4)/7)+IF('設定'!$D$12="",0,'設定'!$D$12),16)<4,"A",IF(MOD(INT((($D$3+3*7+1-WEEKDAY($D$3+3*7+1,2)+1)-'設定'!$B$4)/7)+IF('設定'!$D$12="",0,'設定'!$D$12),16)<8,"P",IF(MOD(INT((($D$3+3*7+1-WEEKDAY($D$3+3*7+1,2)+1)-'設定'!$B$4)/7)+IF('設定'!$D$12="",0,'設定'!$D$12),16)<12,"N","P"))),"")))))) | C36: =IF(OR(C30="",'設定'!$B$12=""),"",IF(COUNTIFS(LeaveName,'設定'!$B$12,LeaveDate,"="&($D$3+3*7+2),LeaveType,"AL")>0,"AL",IF(COUNTIFS(LeaveName,'設定'!$B$12,LeaveDate,"="&($D$3+3*7+2),LeaveType,"SL")>0,"SL",IF('設定'!$B$12="","",IF('設定'!$C$12="S","S",IF('設定'!$C$12="R",IF(MOD(INT((($D$3+3*7+2-WEEKDAY($D$3+3*7+2,2)+1)-'設定'!$B$4)/7)+IF('設定'!$D$12="",0,'設定'!$D$12),16)<4,"A",IF(MOD(INT((($D$3+3*7+2-WEEKDAY($D$3+3*7+2,2)+1)-'設定'!$B$4)/7)+IF('設定'!$D$12="",0,'設定'!$D$12),16)<8,"P",IF(MOD(INT((($D$3+3*7+2-WEEKDAY($D$3+3*7+2,2)+1)-'設定'!$B$4)/7)+IF('設定'!$D$12="",0,'設定'!$D$12),16)<12,"N","P"))),"")))))) | D36: =IF(OR(D30="",'設定'!$B$12=""),"",IF(COUNTIFS(LeaveName,'設定'!$B$12,LeaveDate,"="&($D$3+3*7+3),LeaveType,"AL")>0,"AL",IF(COUNTIFS(LeaveName,'設定'!$B$12,LeaveDate,"="&($D$3+3*7+3),LeaveType,"SL")>0,"SL",IF('設定'!$B$12="","",IF('設定'!$C$12="S","S",IF('設定'!$C$12="R",IF(MOD(INT((($D$3+3*7+3-WEEKDAY($D$3+3*7+3,2)+1)-'設定'!$B$4)/7)+IF('設定'!$D$12="",0,'設定'!$D$12),16)<4,"A",IF(MOD(INT((($D$3+3*7+3-WEEKDAY($D$3+3*7+3,2)+1)-'設定'!$B$4)/7)+IF('設定'!$D$12="",0,'設定'!$D$12),16)<8,"P",IF(MOD(INT((($D$3+3*7+3-WEEKDAY($D$3+3*7+3,2)+1)-'設定'!$B$4)/7)+IF('設定'!$D$12="",0,'設定'!$D$12),16)<12,"N","P"))),"")))))) | E36: =IF(OR(E30="",'設定'!$B$12=""),"",IF(COUNTIFS(LeaveName,'設定'!$B$12,LeaveDate,"="&($D$3+3*7+4),LeaveType,"AL")>0,"AL",IF(COUNTIFS(LeaveName,'設定'!$B$12,LeaveDate,"="&($D$3+3*7+4),LeaveType,"SL")>0,"SL",IF('設定'!$B$12="","",IF('設定'!$C$12="S","S",IF('設定'!$C$12="R",IF(MOD(INT((($D$3+3*7+4-WEEKDAY($D$3+3*7+4,2)+1)-'設定'!$B$4)/7)+IF('設定'!$D$12="",0,'設定'!$D$12),16)<4,"A",IF(MOD(INT((($D$3+3*7+4-WEEKDAY($D$3+3*7+4,2)+1)-'設定'!$B$4)/7)+IF('設定'!$D$12="",0,'設定'!$D$12),16)<8,"P",IF(MOD(INT((($D$3+3*7+4-WEEKDAY($D$3+3*7+4,2)+1)-'設定'!$B$4)/7)+IF('設定'!$D$12="",0,'設定'!$D$12),16)<12,"N","P"))),"")))))) | F36: =IF(OR(F30="",'設定'!$B$12=""),"",IF(COUNTIFS(LeaveName,'設定'!$B$12,LeaveDate,"="&($D$3+3*7+5),LeaveType,"AL")>0,"AL",IF(COUNTIFS(LeaveName,'設定'!$B$12,LeaveDate,"="&($D$3+3*7+5),LeaveType,"SL")>0,"SL",IF('設定'!$B$12="","",IF('設定'!$C$12="S","S",IF('設定'!$C$12="R",IF(MOD(INT((($D$3+3*7+5-WEEKDAY($D$3+3*7+5,2)+1)-'設定'!$B$4)/7)+IF('設定'!$D$12="",0,'設定'!$D$12),16)<4,"A",IF(MOD(INT((($D$3+3*7+5-WEEKDAY($D$3+3*7+5,2)+1)-'設定'!$B$4)/7)+IF('設定'!$D$12="",0,'設定'!$D$12),16)<8,"P",IF(MOD(INT((($D$3+3*7+5-WEEKDAY($D$3+3*7+5,2)+1)-'設定'!$B$4)/7)+IF('設定'!$D$12="",0,'設定'!$D$12),16)<12,"N","P"))),"")))))) | G36: =IF(OR(G30="",'設定'!$B$12=""),"",IF(COUNTIFS(LeaveName,'設定'!$B$12,LeaveDate,"="&($D$3+3*7+6),LeaveType,"AL")>0,"AL",IF(COUNTIFS(LeaveName,'設定'!$B$12,LeaveDate,"="&($D$3+3*7+6),LeaveType,"SL")>0,"SL",IF('設定'!$B$12="","",IF('設定'!$C$12="S","S",IF('設定'!$C$12="R",IF(MOD(INT((($D$3+3*7+6-WEEKDAY($D$3+3*7+6,2)+1)-'設定'!$B$4)/7)+IF('設定'!$D$12="",0,'設定'!$D$12),16)<4,"A",IF(MOD(INT((($D$3+3*7+6-WEEKDAY($D$3+3*7+6,2)+1)-'設定'!$B$4)/7)+IF('設定'!$D$12="",0,'設定'!$D$12),16)<8,"P",IF(MOD(INT((($D$3+3*7+6-WEEKDAY($D$3+3*7+6,2)+1)-'設定'!$B$4)/7)+IF('設定'!$D$12="",0,'設定'!$D$12),16)<12,"N","P"))),"")))))) | I36: ='設定'!B12
A37: =IF(OR(A30="",'設定'!$B$13=""),"",IF(COUNTIFS(LeaveName,'設定'!$B$13,LeaveDate,"="&($D$3+3*7+0),LeaveType,"AL")>0,"AL",IF(COUNTIFS(LeaveName,'設定'!$B$13,LeaveDate,"="&($D$3+3*7+0),LeaveType,"SL")>0,"SL",IF('設定'!$B$13="","",IF('設定'!$C$13="S","S",IF('設定'!$C$13="R",IF(MOD(INT((($D$3+3*7+0-WEEKDAY($D$3+3*7+0,2)+1)-'設定'!$B$4)/7)+IF('設定'!$D$13="",0,'設定'!$D$13),16)<4,"A",IF(MOD(INT((($D$3+3*7+0-WEEKDAY($D$3+3*7+0,2)+1)-'設定'!$B$4)/7)+IF('設定'!$D$13="",0,'設定'!$D$13),16)<8,"P",IF(MOD(INT((($D$3+3*7+0-WEEKDAY($D$3+3*7+0,2)+1)-'設定'!$B$4)/7)+IF('設定'!$D$13="",0,'設定'!$D$13),16)<12,"N","P"))),"")))))) | B37: =IF(OR(B30="",'設定'!$B$13=""),"",IF(COUNTIFS(LeaveName,'設定'!$B$13,LeaveDate,"="&($D$3+3*7+1),LeaveType,"AL")>0,"AL",IF(COUNTIFS(LeaveName,'設定'!$B$13,LeaveDate,"="&($D$3+3*7+1),LeaveType,"SL")>0,"SL",IF('設定'!$B$13="","",IF('設定'!$C$13="S","S",IF('設定'!$C$13="R",IF(MOD(INT((($D$3+3*7+1-WEEKDAY($D$3+3*7+1,2)+1)-'設定'!$B$4)/7)+IF('設定'!$D$13="",0,'設定'!$D$13),16)<4,"A",IF(MOD(INT((($D$3+3*7+1-WEEKDAY($D$3+3*7+1,2)+1)-'設定'!$B$4)/7)+IF('設定'!$D$13="",0,'設定'!$D$13),16)<8,"P",IF(MOD(INT((($D$3+3*7+1-WEEKDAY($D$3+3*7+1,2)+1)-'設定'!$B$4)/7)+IF('設定'!$D$13="",0,'設定'!$D$13),16)<12,"N","P"))),"")))))) | C37: =IF(OR(C30="",'設定'!$B$13=""),"",IF(COUNTIFS(LeaveName,'設定'!$B$13,LeaveDate,"="&($D$3+3*7+2),LeaveType,"AL")>0,"AL",IF(COUNTIFS(LeaveName,'設定'!$B$13,LeaveDate,"="&($D$3+3*7+2),LeaveType,"SL")>0,"SL",IF('設定'!$B$13="","",IF('設定'!$C$13="S","S",IF('設定'!$C$13="R",IF(MOD(INT((($D$3+3*7+2-WEEKDAY($D$3+3*7+2,2)+1)-'設定'!$B$4)/7)+IF('設定'!$D$13="",0,'設定'!$D$13),16)<4,"A",IF(MOD(INT((($D$3+3*7+2-WEEKDAY($D$3+3*7+2,2)+1)-'設定'!$B$4)/7)+IF('設定'!$D$13="",0,'設定'!$D$13),16)<8,"P",IF(MOD(INT((($D$3+3*7+2-WEEKDAY($D$3+3*7+2,2)+1)-'設定'!$B$4)/7)+IF('設定'!$D$13="",0,'設定'!$D$13),16)<12,"N","P"))),"")))))) | D37: =IF(OR(D30="",'設定'!$B$13=""),"",IF(COUNTIFS(LeaveName,'設定'!$B$13,LeaveDate,"="&($D$3+3*7+3),LeaveType,"AL")>0,"AL",IF(COUNTIFS(LeaveName,'設定'!$B$13,LeaveDate,"="&($D$3+3*7+3),LeaveType,"SL")>0,"SL",IF('設定'!$B$13="","",IF('設定'!$C$13="S","S",IF('設定'!$C$13="R",IF(MOD(INT((($D$3+3*7+3-WEEKDAY($D$3+3*7+3,2)+1)-'設定'!$B$4)/7)+IF('設定'!$D$13="",0,'設定'!$D$13),16)<4,"A",IF(MOD(INT((($D$3+3*7+3-WEEKDAY($D$3+3*7+3,2)+1)-'設定'!$B$4)/7)+IF('設定'!$D$13="",0,'設定'!$D$13),16)<8,"P",IF(MOD(INT((($D$3+3*7+3-WEEKDAY($D$3+3*7+3,2)+1)-'設定'!$B$4)/7)+IF('設定'!$D$13="",0,'設定'!$D$13),16)<12,"N","P"))),"")))))) | E37: =IF(OR(E30="",'設定'!$B$13=""),"",IF(COUNTIFS(LeaveName,'設定'!$B$13,LeaveDate,"="&($D$3+3*7+4),LeaveType,"AL")>0,"AL",IF(COUNTIFS(LeaveName,'設定'!$B$13,LeaveDate,"="&($D$3+3*7+4),LeaveType,"SL")>0,"SL",IF('設定'!$B$13="","",IF('設定'!$C$13="S","S",IF('設定'!$C$13="R",IF(MOD(INT((($D$3+3*7+4-WEEKDAY($D$3+3*7+4,2)+1)-'設定'!$B$4)/7)+IF('設定'!$D$13="",0,'設定'!$D$13),16)<4,"A",IF(MOD(INT((($D$3+3*7+4-WEEKDAY($D$3+3*7+4,2)+1)-'設定'!$B$4)/7)+IF('設定'!$D$13="",0,'設定'!$D$13),16)<8,"P",IF(MOD(INT((($D$3+3*7+4-WEEKDAY($D$3+3*7+4,2)+1)-'設定'!$B$4)/7)+IF('設定'!$D$13="",0,'設定'!$D$13),16)<12,"N","P"))),"")))))) | F37: =IF(OR(F30="",'設定'!$B$13=""),"",IF(COUNTIFS(LeaveName,'設定'!$B$13,LeaveDate,"="&($D$3+3*7+5),LeaveType,"AL")>0,"AL",IF(COUNTIFS(LeaveName,'設定'!$B$13,LeaveDate,"="&($D$3+3*7+5),LeaveType,"SL")>0,"SL",IF('設定'!$B$13="","",IF('設定'!$C$13="S","S",IF('設定'!$C$13="R",IF(MOD(INT((($D$3+3*7+5-WEEKDAY($D$3+3*7+5,2)+1)-'設定'!$B$4)/7)+IF('設定'!$D$13="",0,'設定'!$D$13),16)<4,"A",IF(MOD(INT((($D$3+3*7+5-WEEKDAY($D$3+3*7+5,2)+1)-'設定'!$B$4)/7)+IF('設定'!$D$13="",0,'設定'!$D$13),16)<8,"P",IF(MOD(INT((($D$3+3*7+5-WEEKDAY($D$3+3*7+5,2)+1)-'設定'!$B$4)/7)+IF('設定'!$D$13="",0,'設定'!$D$13),16)<12,"N","P"))),"")))))) | G37: =IF(OR(G30="",'設定'!$B$13=""),"",IF(COUNTIFS(LeaveName,'設定'!$B$13,LeaveDate,"="&($D$3+3*7+6),LeaveType,"AL")>0,"AL",IF(COUNTIFS(LeaveName,'設定'!$B$13,LeaveDate,"="&($D$3+3*7+6),LeaveType,"SL")>0,"SL",IF('設定'!$B$13="","",IF('設定'!$C$13="S","S",IF('設定'!$C$13="R",IF(MOD(INT((($D$3+3*7+6-WEEKDAY($D$3+3*7+6,2)+1)-'設定'!$B$4)/7)+IF('設定'!$D$13="",0,'設定'!$D$13),16)<4,"A",IF(MOD(INT((($D$3+3*7+6-WEEKDAY($D$3+3*7+6,2)+1)-'設定'!$B$4)/7)+IF('設定'!$D$13="",0,'設定'!$D$13),16)<8,"P",IF(MOD(INT((($D$3+3*7+6-WEEKDAY($D$3+3*7+6,2)+1)-'設定'!$B$4)/7)+IF('設定'!$D$13="",0,'設定'!$D$13),16)<12,"N","P"))),"")))))) | I37: ='設定'!B13
A38: =IF(OR(MONTH($D$3+4*7+0)<>MONTH($B$3),YEAR($D$3+4*7+0)<>YEAR($B$3)),"",$D$3+4*7+0) | B38: =IF(OR(MONTH($D$3+4*7+1)<>MONTH($B$3),YEAR($D$3+4*7+1)<>YEAR($B$3)),"",$D$3+4*7+1) | C38: =IF(OR(MONTH($D$3+4*7+2)<>MONTH($B$3),YEAR($D$3+4*7+2)<>YEAR($B$3)),"",$D$3+4*7+2) | D38: =IF(OR(MONTH($D$3+4*7+3)<>MONTH($B$3),YEAR($D$3+4*7+3)<>YEAR($B$3)),"",$D$3+4*7+3) | E38: =IF(OR(MONTH($D$3+4*7+4)<>MONTH($B$3),YEAR($D$3+4*7+4)<>YEAR($B$3)),"",$D$3+4*7+4) | F38: =IF(OR(MONTH($D$3+4*7+5)<>MONTH($B$3),YEAR($D$3+4*7+5)<>YEAR($B$3)),"",$D$3+4*7+5) | G38: =IF(OR(MONTH($D$3+4*7+6)<>MONTH($B$3),YEAR($D$3+4*7+6)<>YEAR($B$3)),"",$D$3+4*7+6) | I38: 日期
A39: =IF(A38="","",IFERROR(INDEX(HolidayNames,MATCH($D$3+4*7+0,HolidayDates,0)),"")) | B39: =IF(B38="","",IFERROR(INDEX(HolidayNames,MATCH($D$3+4*7+1,HolidayDates,0)),"")) | C39: =IF(C38="","",IFERROR(INDEX(HolidayNames,MATCH($D$3+4*7+2,HolidayDates,0)),"")) | D39: =IF(D38="","",IFERROR(INDEX(HolidayNames,MATCH($D$3+4*7+3,HolidayDates,0)),"")) | E39: =IF(E38="","",IFERROR(INDEX(HolidayNames,MATCH($D$3+4*7+4,HolidayDates,0)),"")) | F39: =IF(F38="","",IFERROR(INDEX(HolidayNames,MATCH($D$3+4*7+5,HolidayDates,0)),"")) | G39: =IF(G38="","",IFERROR(INDEX(HolidayNames,MATCH($D$3+4*7+6,HolidayDates,0)),"")) | I39: 公眾假期
A40: =IF(OR(A38="",'設定'!$B$8=""),"",IF(COUNTIFS(LeaveName,'設定'!$B$8,LeaveDate,"="&($D$3+4*7+0),LeaveType,"AL")>0,"AL",IF(COUNTIFS(LeaveName,'設定'!$B$8,LeaveDate,"="&($D$3+4*7+0),LeaveType,"SL")>0,"SL",IF('設定'!$B$8="","",IF('設定'!$C$8="S","S",IF('設定'!$C$8="R",IF(MOD(INT((($D$3+4*7+0-WEEKDAY($D$3+4*7+0,2)+1)-'設定'!$B$4)/7)+IF('設定'!$D$8="",0,'設定'!$D$8),16)<4,"A",IF(MOD(INT((($D$3+4*7+0-WEEKDAY($D$3+4*7+0,2)+1)-'設定'!$B$4)/7)+IF('設定'!$D$8="",0,'設定'!$D$8),16)<8,"P",IF(MOD(INT((($D$3+4*7+0-WEEKDAY($D$3+4*7+0,2)+1)-'設定'!$B$4)/7)+IF('設定'!$D$8="",0,'設定'!$D$8),16)<12,"N","P"))),"")))))) | B40: =IF(OR(B38="",'設定'!$B$8=""),"",IF(COUNTIFS(LeaveName,'設定'!$B$8,LeaveDate,"="&($D$3+4*7+1),LeaveType,"AL")>0,"AL",IF(COUNTIFS(LeaveName,'設定'!$B$8,LeaveDate,"="&($D$3+4*7+1),LeaveType,"SL")>0,"SL",IF('設定'!$B$8="","",IF('設定'!$C$8="S","S",IF('設定'!$C$8="R",IF(MOD(INT((($D$3+4*7+1-WEEKDAY($D$3+4*7+1,2)+1)-'設定'!$B$4)/7)+IF('設定'!$D$8="",0,'設定'!$D$8),16)<4,"A",IF(MOD(INT((($D$3+4*7+1-WEEKDAY($D$3+4*7+1,2)+1)-'設定'!$B$4)/7)+IF('設定'!$D$8="",0,'設定'!$D$8),16)<8,"P",IF(MOD(INT((($D$3+4*7+1-WEEKDAY($D$3+4*7+1,2)+1)-'設定'!$B$4)/7)+IF('設定'!$D$8="",0,'設定'!$D$8),16)<12,"N","P"))),"")))))) | C40: =IF(OR(C38="",'設定'!$B$8=""),"",IF(COUNTIFS(LeaveName,'設定'!$B$8,LeaveDate,"="&($D$3+4*7+2),LeaveType,"AL")>0,"AL",IF(COUNTIFS(LeaveName,'設定'!$B$8,LeaveDate,"="&($D$3+4*7+2),LeaveType,"SL")>0,"SL",IF('設定'!$B$8="","",IF('設定'!$C$8="S","S",IF('設定'!$C$8="R",IF(MOD(INT((($D$3+4*7+2-WEEKDAY($D$3+4*7+2,2)+1)-'設定'!$B$4)/7)+IF('設定'!$D$8="",0,'設定'!$D$8),16)<4,"A",IF(MOD(INT((($D$3+4*7+2-WEEKDAY($D$3+4*7+2,2)+1)-'設定'!$B$4)/7)+IF('設定'!$D$8="",0,'設定'!$D$8),16)<8,"P",IF(MOD(INT((($D$3+4*7+2-WEEKDAY($D$3+4*7+2,2)+1)-'設定'!$B$4)/7)+IF('設定'!$D$8="",0,'設定'!$D$8),16)<12,"N","P"))),"")))))) | D40: =IF(OR(D38="",'設定'!$B$8=""),"",IF(COUNTIFS(LeaveName,'設定'!$B$8,LeaveDate,"="&($D$3+4*7+3),LeaveType,"AL")>0,"AL",IF(COUNTIFS(LeaveName,'設定'!$B$8,LeaveDate,"="&($D$3+4*7+3),LeaveType,"SL")>0,"SL",IF('設定'!$B$8="","",IF('設定'!$C$8="S","S",IF('設定'!$C$8="R",IF(MOD(INT((($D$3+4*7+3-WEEKDAY($D$3+4*7+3,2)+1)-'設定'!$B$4)/7)+IF('設定'!$D$8="",0,'設定'!$D$8),16)<4,"A",IF(MOD(INT((($D$3+4*7+3-WEEKDAY($D$3+4*7+3,2)+1)-'設定'!$B$4)/7)+IF('設定'!$D$8="",0,'設定'!$D$8),16)<8,"P",IF(MOD(INT((($D$3+4*7+3-WEEKDAY($D$3+4*7+3,2)+1)-'設定'!$B$4)/7)+IF('設定'!$D$8="",0,'設定'!$D$8),16)<12,"N","P"))),"")))))) | E40: =IF(OR(E38="",'設定'!$B$8=""),"",IF(COUNTIFS(LeaveName,'設定'!$B$8,LeaveDate,"="&($D$3+4*7+4),LeaveType,"AL")>0,"AL",IF(COUNTIFS(LeaveName,'設定'!$B$8,LeaveDate,"="&($D$3+4*7+4),LeaveType,"SL")>0,"SL",IF('設定'!$B$8="","",IF('設定'!$C$8="S","S",IF('設定'!$C$8="R",IF(MOD(INT((($D$3+4*7+4-WEEKDAY($D$3+4*7+4,2)+1)-'設定'!$B$4)/7)+IF('設定'!$D$8="",0,'設定'!$D$8),16)<4,"A",IF(MOD(INT((($D$3+4*7+4-WEEKDAY($D$3+4*7+4,2)+1)-'設定'!$B$4)/7)+IF('設定'!$D$8="",0,'設定'!$D$8),16)<8,"P",IF(MOD(INT((($D$3+4*7+4-WEEKDAY($D$3+4*7+4,2)+1)-'設定'!$B$4)/7)+IF('設定'!$D$8="",0,'設定'!$D$8),16)<12,"N","P"))),"")))))) | F40: =IF(OR(F38="",'設定'!$B$8=""),"",IF(COUNTIFS(LeaveName,'設定'!$B$8,LeaveDate,"="&($D$3+4*7+5),LeaveType,"AL")>0,"AL",IF(COUNTIFS(LeaveName,'設定'!$B$8,LeaveDate,"="&($D$3+4*7+5),LeaveType,"SL")>0,"SL",IF('設定'!$B$8="","",IF('設定'!$C$8="S","S",IF('設定'!$C$8="R",IF(MOD(INT((($D$3+4*7+5-WEEKDAY($D$3+4*7+5,2)+1)-'設定'!$B$4)/7)+IF('設定'!$D$8="",0,'設定'!$D$8),16)<4,"A",IF(MOD(INT((($D$3+4*7+5-WEEKDAY($D$3+4*7+5,2)+1)-'設定'!$B$4)/7)+IF('設定'!$D$8="",0,'設定'!$D$8),16)<8,"P",IF(MOD(INT((($D$3+4*7+5-WEEKDAY($D$3+4*7+5,2)+1)-'設定'!$B$4)/7)+IF('設定'!$D$8="",0,'設定'!$D$8),16)<12,"N","P"))),"")))))) | G40: =IF(OR(G38="",'設定'!$B$8=""),"",IF(COUNTIFS(LeaveName,'設定'!$B$8,LeaveDate,"="&($D$3+4*7+6),LeaveType,"AL")>0,"AL",IF(COUNTIFS(LeaveName,'設定'!$B$8,LeaveDate,"="&($D$3+4*7+6),LeaveType,"SL")>0,"SL",IF('設定'!$B$8="","",IF('設定'!$C$8="S","S",IF('設定'!$C$8="R",IF(MOD(INT((($D$3+4*7+6-WEEKDAY($D$3+4*7+6,2)+1)-'設定'!$B$4)/7)+IF('設定'!$D$8="",0,'設定'!$D$8),16)<4,"A",IF(MOD(INT((($D$3+4*7+6-WEEKDAY($D$3+4*7+6,2)+1)-'設定'!$B$4)/7)+IF('設定'!$D$8="",0,'設定'!$D$8),16)<8,"P",IF(MOD(INT((($D$3+4*7+6-WEEKDAY($D$3+4*7+6,2)+1)-'設定'!$B$4)/7)+IF('設定'!$D$8="",0,'設定'!$D$8),16)<12,"N","P"))),"")))))) | I40: ='設定'!B8
A41: =IF(OR(A38="",'設定'!$B$9=""),"",IF(COUNTIFS(LeaveName,'設定'!$B$9,LeaveDate,"="&($D$3+4*7+0),LeaveType,"AL")>0,"AL",IF(COUNTIFS(LeaveName,'設定'!$B$9,LeaveDate,"="&($D$3+4*7+0),LeaveType,"SL")>0,"SL",IF('設定'!$B$9="","",IF('設定'!$C$9="S","S",IF('設定'!$C$9="R",IF(MOD(INT((($D$3+4*7+0-WEEKDAY($D$3+4*7+0,2)+1)-'設定'!$B$4)/7)+IF('設定'!$D$9="",0,'設定'!$D$9),16)<4,"A",IF(MOD(INT((($D$3+4*7+0-WEEKDAY($D$3+4*7+0,2)+1)-'設定'!$B$4)/7)+IF('設定'!$D$9="",0,'設定'!$D$9),16)<8,"P",IF(MOD(INT((($D$3+4*7+0-WEEKDAY($D$3+4*7+0,2)+1)-'設定'!$B$4)/7)+IF('設定'!$D$9="",0,'設定'!$D$9),16)<12,"N","P"))),"")))))) | B41: =IF(OR(B38="",'設定'!$B$9=""),"",IF(COUNTIFS(LeaveName,'設定'!$B$9,LeaveDate,"="&($D$3+4*7+1),LeaveType,"AL")>0,"AL",IF(COUNTIFS(LeaveName,'設定'!$B$9,LeaveDate,"="&($D$3+4*7+1),LeaveType,"SL")>0,"SL",IF('設定'!$B$9="","",IF('設定'!$C$9="S","S",IF('設定'!$C$9="R",IF(MOD(INT((($D$3+4*7+1-WEEKDAY($D$3+4*7+1,2)+1)-'設定'!$B$4)/7)+IF('設定'!$D$9="",0,'設定'!$D$9),16)<4,"A",IF(MOD(INT((($D$3+4*7+1-WEEKDAY($D$3+4*7+1,2)+1)-'設定'!$B$4)/7)+IF('設定'!$D$9="",0,'設定'!$D$9),16)<8,"P",IF(MOD(INT((($D$3+4*7+1-WEEKDAY($D$3+4*7+1,2)+1)-'設定'!$B$4)/7)+IF('設定'!$D$9="",0,'設定'!$D$9),16)<12,"N","P"))),"")))))) | C41: =IF(OR(C38="",'設定'!$B$9=""),"",IF(COUNTIFS(LeaveName,'設定'!$B$9,LeaveDate,"="&($D$3+4*7+2),LeaveType,"AL")>0,"AL",IF(COUNTIFS(LeaveName,'設定'!$B$9,LeaveDate,"="&($D$3+4*7+2),LeaveType,"SL")>0,"SL",IF('設定'!$B$9="","",IF('設定'!$C$9="S","S",IF('設定'!$C$9="R",IF(MOD(INT((($D$3+4*7+2-WEEKDAY($D$3+4*7+2,2)+1)-'設定'!$B$4)/7)+IF('設定'!$D$9="",0,'設定'!$D$9),16)<4,"A",IF(MOD(INT((($D$3+4*7+2-WEEKDAY($D$3+4*7+2,2)+1)-'設定'!$B$4)/7)+IF('設定'!$D$9="",0,'設定'!$D$9),16)<8,"P",IF(MOD(INT((($D$3+4*7+2-WEEKDAY($D$3+4*7+2,2)+1)-'設定'!$B$4)/7)+IF('設定'!$D$9="",0,'設定'!$D$9),16)<12,"N","P"))),"")))))) | D41: =IF(OR(D38="",'設定'!$B$9=""),"",IF(COUNTIFS(LeaveName,'設定'!$B$9,LeaveDate,"="&($D$3+4*7+3),LeaveType,"AL")>0,"AL",IF(COUNTIFS(LeaveName,'設定'!$B$9,LeaveDate,"="&($D$3+4*7+3),LeaveType,"SL")>0,"SL",IF('設定'!$B$9="","",IF('設定'!$C$9="S","S",IF('設定'!$C$9="R",IF(MOD(INT((($D$3+4*7+3-WEEKDAY($D$3+4*7+3,2)+1)-'設定'!$B$4)/7)+IF('設定'!$D$9="",0,'設定'!$D$9),16)<4,"A",IF(MOD(INT((($D$3+4*7+3-WEEKDAY($D$3+4*7+3,2)+1)-'設定'!$B$4)/7)+IF('設定'!$D$9="",0,'設定'!$D$9),16)<8,"P",IF(MOD(INT((($D$3+4*7+3-WEEKDAY($D$3+4*7+3,2)+1)-'設定'!$B$4)/7)+IF('設定'!$D$9="",0,'設定'!$D$9),16)<12,"N","P"))),"")))))) | E41: =IF(OR(E38="",'設定'!$B$9=""),"",IF(COUNTIFS(LeaveName,'設定'!$B$9,LeaveDate,"="&($D$3+4*7+4),LeaveType,"AL")>0,"AL",IF(COUNTIFS(LeaveName,'設定'!$B$9,LeaveDate,"="&($D$3+4*7+4),LeaveType,"SL")>0,"SL",IF('設定'!$B$9="","",IF('設定'!$C$9="S","S",IF('設定'!$C$9="R",IF(MOD(INT((($D$3+4*7+4-WEEKDAY($D$3+4*7+4,2)+1)-'設定'!$B$4)/7)+IF('設定'!$D$9="",0,'設定'!$D$9),16)<4,"A",IF(MOD(INT((($D$3+4*7+4-WEEKDAY($D$3+4*7+4,2)+1)-'設定'!$B$4)/7)+IF('設定'!$D$9="",0,'設定'!$D$9),16)<8,"P",IF(MOD(INT((($D$3+4*7+4-WEEKDAY($D$3+4*7+4,2)+1)-'設定'!$B$4)/7)+IF('設定'!$D$9="",0,'設定'!$D$9),16)<12,"N","P"))),"")))))) | F41: =IF(OR(F38="",'設定'!$B$9=""),"",IF(COUNTIFS(LeaveName,'設定'!$B$9,LeaveDate,"="&($D$3+4*7+5),LeaveType,"AL")>0,"AL",IF(COUNTIFS(LeaveName,'設定'!$B$9,LeaveDate,"="&($D$3+4*7+5),LeaveType,"SL")>0,"SL",IF('設定'!$B$9="","",IF('設定'!$C$9="S","S",IF('設定'!$C$9="R",IF(MOD(INT((($D$3+4*7+5-WEEKDAY($D$3+4*7+5,2)+1)-'設定'!$B$4)/7)+IF('設定'!$D$9="",0,'設定'!$D$9),16)<4,"A",IF(MOD(INT((($D$3+4*7+5-WEEKDAY($D$3+4*7+5,2)+1)-'設定'!$B$4)/7)+IF('設定'!$D$9="",0,'設定'!$D$9),16)<8,"P",IF(MOD(INT((($D$3+4*7+5-WEEKDAY($D$3+4*7+5,2)+1)-'設定'!$B$4)/7)+IF('設定'!$D$9="",0,'設定'!$D$9),16)<12,"N","P"))),"")))))) | G41: =IF(OR(G38="",'設定'!$B$9=""),"",IF(COUNTIFS(LeaveName,'設定'!$B$9,LeaveDate,"="&($D$3+4*7+6),LeaveType,"AL")>0,"AL",IF(COUNTIFS(LeaveName,'設定'!$B$9,LeaveDate,"="&($D$3+4*7+6),LeaveType,"SL")>0,"SL",IF('設定'!$B$9="","",IF('設定'!$C$9="S","S",IF('設定'!$C$9="R",IF(MOD(INT((($D$3+4*7+6-WEEKDAY($D$3+4*7+6,2)+1)-'設定'!$B$4)/7)+IF('設定'!$D$9="",0,'設定'!$D$9),16)<4,"A",IF(MOD(INT((($D$3+4*7+6-WEEKDAY($D$3+4*7+6,2)+1)-'設定'!$B$4)/7)+IF('設定'!$D$9="",0,'設定'!$D$9),16)<8,"P",IF(MOD(INT((($D$3+4*7+6-WEEKDAY($D$3+4*7+6,2)+1)-'設定'!$B$4)/7)+IF('設定'!$D$9="",0,'設定'!$D$9),16)<12,"N","P"))),"")))))) | I41: ='設定'!B9
A42: =IF(OR(A38="",'設定'!$B$10=""),"",IF(COUNTIFS(LeaveName,'設定'!$B$10,LeaveDate,"="&($D$3+4*7+0),LeaveType,"AL")>0,"AL",IF(COUNTIFS(LeaveName,'設定'!$B$10,LeaveDate,"="&($D$3+4*7+0),LeaveType,"SL")>0,"SL",IF('設定'!$B$10="","",IF('設定'!$C$10="S","S",IF('設定'!$C$10="R",IF(MOD(INT((($D$3+4*7+0-WEEKDAY($D$3+4*7+0,2)+1)-'設定'!$B$4)/7)+IF('設定'!$D$10="",0,'設定'!$D$10),16)<4,"A",IF(MOD(INT((($D$3+4*7+0-WEEKDAY($D$3+4*7+0,2)+1)-'設定'!$B$4)/7)+IF('設定'!$D$10="",0,'設定'!$D$10),16)<8,"P",IF(MOD(INT((($D$3+4*7+0-WEEKDAY($D$3+4*7+0,2)+1)-'設定'!$B$4)/7)+IF('設定'!$D$10="",0,'設定'!$D$10),16)<12,"N","P"))),"")))))) | B42: =IF(OR(B38="",'設定'!$B$10=""),"",IF(COUNTIFS(LeaveName,'設定'!$B$10,LeaveDate,"="&($D$3+4*7+1),LeaveType,"AL")>0,"AL",IF(COUNTIFS(LeaveName,'設定'!$B$10,LeaveDate,"="&($D$3+4*7+1),LeaveType,"SL")>0,"SL",IF('設定'!$B$10="","",IF('設定'!$C$10="S","S",IF('設定'!$C$10="R",IF(MOD(INT((($D$3+4*7+1-WEEKDAY($D$3+4*7+1,2)+1)-'設定'!$B$4)/7)+IF('設定'!$D$10="",0,'設定'!$D$10),16)<4,"A",IF(MOD(INT((($D$3+4*7+1-WEEKDAY($D$3+4*7+1,2)+1)-'設定'!$B$4)/7)+IF('設定'!$D$10="",0,'設定'!$D$10),16)<8,"P",IF(MOD(INT((($D$3+4*7+1-WEEKDAY($D$3+4*7+1,2)+1)-'設定'!$B$4)/7)+IF('設定'!$D$10="",0,'設定'!$D$10),16)<12,"N","P"))),"")))))) | C42: =IF(OR(C38="",'設定'!$B$10=""),"",IF(COUNTIFS(LeaveName,'設定'!$B$10,LeaveDate,"="&($D$3+4*7+2),LeaveType,"AL")>0,"AL",IF(COUNTIFS(LeaveName,'設定'!$B$10,LeaveDate,"="&($D$3+4*7+2),LeaveType,"SL")>0,"SL",IF('設定'!$B$10="","",IF('設定'!$C$10="S","S",IF('設定'!$C$10="R",IF(MOD(INT((($D$3+4*7+2-WEEKDAY($D$3+4*7+2,2)+1)-'設定'!$B$4)/7)+IF('設定'!$D$10="",0,'設定'!$D$10),16)<4,"A",IF(MOD(INT((($D$3+4*7+2-WEEKDAY($D$3+4*7+2,2)+1)-'設定'!$B$4)/7)+IF('設定'!$D$10="",0,'設定'!$D$10),16)<8,"P",IF(MOD(INT((($D$3+4*7+2-WEEKDAY($D$3+4*7+2,2)+1)-'設定'!$B$4)/7)+IF('設定'!$D$10="",0,'設定'!$D$10),16)<12,"N","P"))),"")))))) | D42: =IF(OR(D38="",'設定'!$B$10=""),"",IF(COUNTIFS(LeaveName,'設定'!$B$10,LeaveDate,"="&($D$3+4*7+3),LeaveType,"AL")>0,"AL",IF(COUNTIFS(LeaveName,'設定'!$B$10,LeaveDate,"="&($D$3+4*7+3),LeaveType,"SL")>0,"SL",IF('設定'!$B$10="","",IF('設定'!$C$10="S","S",IF('設定'!$C$10="R",IF(MOD(INT((($D$3+4*7+3-WEEKDAY($D$3+4*7+3,2)+1)-'設定'!$B$4)/7)+IF('設定'!$D$10="",0,'設定'!$D$10),16)<4,"A",IF(MOD(INT((($D$3+4*7+3-WEEKDAY($D$3+4*7+3,2)+1)-'設定'!$B$4)/7)+IF('設定'!$D$10="",0,'設定'!$D$10),16)<8,"P",IF(MOD(INT((($D$3+4*7+3-WEEKDAY($D$3+4*7+3,2)+1)-'設定'!$B$4)/7)+IF('設定'!$D$10="",0,'設定'!$D$10),16)<12,"N","P"))),"")))))) | E42: =IF(OR(E38="",'設定'!$B$10=""),"",IF(COUNTIFS(LeaveName,'設定'!$B$10,LeaveDate,"="&($D$3+4*7+4),LeaveType,"AL")>0,"AL",IF(COUNTIFS(LeaveName,'設定'!$B$10,LeaveDate,"="&($D$3+4*7+4),LeaveType,"SL")>0,"SL",IF('設定'!$B$10="","",IF('設定'!$C$10="S","S",IF('設定'!$C$10="R",IF(MOD(INT((($D$3+4*7+4-WEEKDAY($D$3+4*7+4,2)+1)-'設定'!$B$4)/7)+IF('設定'!$D$10="",0,'設定'!$D$10),16)<4,"A",IF(MOD(INT((($D$3+4*7+4-WEEKDAY($D$3+4*7+4,2)+1)-'設定'!$B$4)/7)+IF('設定'!$D$10="",0,'設定'!$D$10),16)<8,"P",IF(MOD(INT((($D$3+4*7+4-WEEKDAY($D$3+4*7+4,2)+1)-'設定'!$B$4)/7)+IF('設定'!$D$10="",0,'設定'!$D$10),16)<12,"N","P"))),"")))))) | F42: =IF(OR(F38="",'設定'!$B$10=""),"",IF(COUNTIFS(LeaveName,'設定'!$B$10,LeaveDate,"="&($D$3+4*7+5),LeaveType,"AL")>0,"AL",IF(COUNTIFS(LeaveName,'設定'!$B$10,LeaveDate,"="&($D$3+4*7+5),LeaveType,"SL")>0,"SL",IF('設定'!$B$10="","",IF('設定'!$C$10="S","S",IF('設定'!$C$10="R",IF(MOD(INT((($D$3+4*7+5-WEEKDAY($D$3+4*7+5,2)+1)-'設定'!$B$4)/7)+IF('設定'!$D$10="",0,'設定'!$D$10),16)<4,"A",IF(MOD(INT((($D$3+4*7+5-WEEKDAY($D$3+4*7+5,2)+1)-'設定'!$B$4)/7)+IF('設定'!$D$10="",0,'設定'!$D$10),16)<8,"P",IF(MOD(INT((($D$3+4*7+5-WEEKDAY($D$3+4*7+5,2)+1)-'設定'!$B$4)/7)+IF('設定'!$D$10="",0,'設定'!$D$10),16)<12,"N","P"))),"")))))) | G42: =IF(OR(G38="",'設定'!$B$10=""),"",IF(COUNTIFS(LeaveName,'設定'!$B$10,LeaveDate,"="&($D$3+4*7+6),LeaveType,"AL")>0,"AL",IF(COUNTIFS(LeaveName,'設定'!$B$10,LeaveDate,"="&($D$3+4*7+6),LeaveType,"SL")>0,"SL",IF('設定'!$B$10="","",IF('設定'!$C$10="S","S",IF('設定'!$C$10="R",IF(MOD(INT((($D$3+4*7+6-WEEKDAY($D$3+4*7+6,2)+1)-'設定'!$B$4)/7)+IF('設定'!$D$10="",0,'設定'!$D$10),16)<4,"A",IF(MOD(INT((($D$3+4*7+6-WEEKDAY($D$3+4*7+6,2)+1)-'設定'!$B$4)/7)+IF('設定'!$D$10="",0,'設定'!$D$10),16)<8,"P",IF(MOD(INT((($D$3+4*7+6-WEEKDAY($D$3+4*7+6,2)+1)-'設定'!$B$4)/7)+IF('設定'!$D$10="",0,'設定'!$D$10),16)<12,"N","P"))),"")))))) | I42: ='設定'!B10
A43: =IF(OR(A38="",'設定'!$B$11=""),"",IF(COUNTIFS(LeaveName,'設定'!$B$11,LeaveDate,"="&($D$3+4*7+0),LeaveType,"AL")>0,"AL",IF(COUNTIFS(LeaveName,'設定'!$B$11,LeaveDate,"="&($D$3+4*7+0),LeaveType,"SL")>0,"SL",IF('設定'!$B$11="","",IF('設定'!$C$11="S","S",IF('設定'!$C$11="R",IF(MOD(INT((($D$3+4*7+0-WEEKDAY($D$3+4*7+0,2)+1)-'設定'!$B$4)/7)+IF('設定'!$D$11="",0,'設定'!$D$11),16)<4,"A",IF(MOD(INT((($D$3+4*7+0-WEEKDAY($D$3+4*7+0,2)+1)-'設定'!$B$4)/7)+IF('設定'!$D$11="",0,'設定'!$D$11),16)<8,"P",IF(MOD(INT((($D$3+4*7+0-WEEKDAY($D$3+4*7+0,2)+1)-'設定'!$B$4)/7)+IF('設定'!$D$11="",0,'設定'!$D$11),16)<12,"N","P"))),"")))))) | B43: =IF(OR(B38="",'設定'!$B$11=""),"",IF(COUNTIFS(LeaveName,'設定'!$B$11,LeaveDate,"="&($D$3+4*7+1),LeaveType,"AL")>0,"AL",IF(COUNTIFS(LeaveName,'設定'!$B$11,LeaveDate,"="&($D$3+4*7+1),LeaveType,"SL")>0,"SL",IF('設定'!$B$11="","",IF('設定'!$C$11="S","S",IF('設定'!$C$11="R",IF(MOD(INT((($D$3+4*7+1-WEEKDAY($D$3+4*7+1,2)+1)-'設定'!$B$4)/7)+IF('設定'!$D$11="",0,'設定'!$D$11),16)<4,"A",IF(MOD(INT((($D$3+4*7+1-WEEKDAY($D$3+4*7+1,2)+1)-'設定'!$B$4)/7)+IF('設定'!$D$11="",0,'設定'!$D$11),16)<8,"P",IF(MOD(INT((($D$3+4*7+1-WEEKDAY($D$3+4*7+1,2)+1)-'設定'!$B$4)/7)+IF('設定'!$D$11="",0,'設定'!$D$11),16)<12,"N","P"))),"")))))) | C43: =IF(OR(C38="",'設定'!$B$11=""),"",IF(COUNTIFS(LeaveName,'設定'!$B$11,LeaveDate,"="&($D$3+4*7+2),LeaveType,"AL")>0,"AL",IF(COUNTIFS(LeaveName,'設定'!$B$11,LeaveDate,"="&($D$3+4*7+2),LeaveType,"SL")>0,"SL",IF('設定'!$B$11="","",IF('設定'!$C$11="S","S",IF('設定'!$C$11="R",IF(MOD(INT((($D$3+4*7+2-WEEKDAY($D$3+4*7+2,2)+1)-'設定'!$B$4)/7)+IF('設定'!$D$11="",0,'設定'!$D$11),16)<4,"A",IF(MOD(INT((($D$3+4*7+2-WEEKDAY($D$3+4*7+2,2)+1)-'設定'!$B$4)/7)+IF('設定'!$D$11="",0,'設定'!$D$11),16)<8,"P",IF(MOD(INT((($D$3+4*7+2-WEEKDAY($D$3+4*7+2,2)+1)-'設定'!$B$4)/7)+IF('設定'!$D$11="",0,'設定'!$D$11),16)<12,"N","P"))),"")))))) | D43: =IF(OR(D38="",'設定'!$B$11=""),"",IF(COUNTIFS(LeaveName,'設定'!$B$11,LeaveDate,"="&($D$3+4*7+3),LeaveType,"AL")>0,"AL",IF(COUNTIFS(LeaveName,'設定'!$B$11,LeaveDate,"="&($D$3+4*7+3),LeaveType,"SL")>0,"SL",IF('設定'!$B$11="","",IF('設定'!$C$11="S","S",IF('設定'!$C$11="R",IF(MOD(INT((($D$3+4*7+3-WEEKDAY($D$3+4*7+3,2)+1)-'設定'!$B$4)/7)+IF('設定'!$D$11="",0,'設定'!$D$11),16)<4,"A",IF(MOD(INT((($D$3+4*7+3-WEEKDAY($D$3+4*7+3,2)+1)-'設定'!$B$4)/7)+IF('設定'!$D$11="",0,'設定'!$D$11),16)<8,"P",IF(MOD(INT((($D$3+4*7+3-WEEKDAY($D$3+4*7+3,2)+1)-'設定'!$B$4)/7)+IF('設定'!$D$11="",0,'設定'!$D$11),16)<12,"N","P"))),"")))))) | E43: =IF(OR(E38="",'設定'!$B$11=""),"",IF(COUNTIFS(LeaveName,'設定'!$B$11,LeaveDate,"="&($D$3+4*7+4),LeaveType,"AL")>0,"AL",IF(COUNTIFS(LeaveName,'設定'!$B$11,LeaveDate,"="&($D$3+4*7+4),LeaveType,"SL")>0,"SL",IF('設定'!$B$11="","",IF('設定'!$C$11="S","S",IF('設定'!$C$11="R",IF(MOD(INT((($D$3+4*7+4-WEEKDAY($D$3+4*7+4,2)+1)-'設定'!$B$4)/7)+IF('設定'!$D$11="",0,'設定'!$D$11),16)<4,"A",IF(MOD(INT((($D$3+4*7+4-WEEKDAY($D$3+4*7+4,2)+1)-'設定'!$B$4)/7)+IF('設定'!$D$11="",0,'設定'!$D$11),16)<8,"P",IF(MOD(INT((($D$3+4*7+4-WEEKDAY($D$3+4*7+4,2)+1)-'設定'!$B$4)/7)+IF('設定'!$D$11="",0,'設定'!$D$11),16)<12,"N","P"))),"")))))) | F43: =IF(OR(F38="",'設定'!$B$11=""),"",IF(COUNTIFS(LeaveName,'設定'!$B$11,LeaveDate,"="&($D$3+4*7+5),LeaveType,"AL")>0,"AL",IF(COUNTIFS(LeaveName,'設定'!$B$11,LeaveDate,"="&($D$3+4*7+5),LeaveType,"SL")>0,"SL",IF('設定'!$B$11="","",IF('設定'!$C$11="S","S",IF('設定'!$C$11="R",IF(MOD(INT((($D$3+4*7+5-WEEKDAY($D$3+4*7+5,2)+1)-'設定'!$B$4)/7)+IF('設定'!$D$11="",0,'設定'!$D$11),16)<4,"A",IF(MOD(INT((($D$3+4*7+5-WEEKDAY($D$3+4*7+5,2)+1)-'設定'!$B$4)/7)+IF('設定'!$D$11="",0,'設定'!$D$11),16)<8,"P",IF(MOD(INT((($D$3+4*7+5-WEEKDAY($D$3+4*7+5,2)+1)-'設定'!$B$4)/7)+IF('設定'!$D$11="",0,'設定'!$D$11),16)<12,"N","P"))),"")))))) | G43: =IF(OR(G38="",'設定'!$B$11=""),"",IF(COUNTIFS(LeaveName,'設定'!$B$11,LeaveDate,"="&($D$3+4*7+6),LeaveType,"AL")>0,"AL",IF(COUNTIFS(LeaveName,'設定'!$B$11,LeaveDate,"="&($D$3+4*7+6),LeaveType,"SL")>0,"SL",IF('設定'!$B$11="","",IF('設定'!$C$11="S","S",IF('設定'!$C$11="R",IF(MOD(INT((($D$3+4*7+6-WEEKDAY($D$3+4*7+6,2)+1)-'設定'!$B$4)/7)+IF('設定'!$D$11="",0,'設定'!$D$11),16)<4,"A",IF(MOD(INT((($D$3+4*7+6-WEEKDAY($D$3+4*7+6,2)+1)-'設定'!$B$4)/7)+IF('設定'!$D$11="",0,'設定'!$D$11),16)<8,"P",IF(MOD(INT((($D$3+4*7+6-WEEKDAY($D$3+4*7+6,2)+1)-'設定'!$B$4)/7)+IF('設定'!$D$11="",0,'設定'!$D$11),16)<12,"N","P"))),"")))))) | I43: ='設定'!B11
A44: =IF(OR(A38="",'設定'!$B$12=""),"",IF(COUNTIFS(LeaveName,'設定'!$B$12,LeaveDate,"="&($D$3+4*7+0),LeaveType,"AL")>0,"AL",IF(COUNTIFS(LeaveName,'設定'!$B$12,LeaveDate,"="&($D$3+4*7+0),LeaveType,"SL")>0,"SL",IF('設定'!$B$12="","",IF('設定'!$C$12="S","S",IF('設定'!$C$12="R",IF(MOD(INT((($D$3+4*7+0-WEEKDAY($D$3+4*7+0,2)+1)-'設定'!$B$4)/7)+IF('設定'!$D$12="",0,'設定'!$D$12),16)<4,"A",IF(MOD(INT((($D$3+4*7+0-WEEKDAY($D$3+4*7+0,2)+1)-'設定'!$B$4)/7)+IF('設定'!$D$12="",0,'設定'!$D$12),16)<8,"P",IF(MOD(INT((($D$3+4*7+0-WEEKDAY($D$3+4*7+0,2)+1)-'設定'!$B$4)/7)+IF('設定'!$D$12="",0,'設定'!$D$12),16)<12,"N","P"))),"")))))) | B44: =IF(OR(B38="",'設定'!$B$12=""),"",IF(COUNTIFS(LeaveName,'設定'!$B$12,LeaveDate,"="&($D$3+4*7+1),LeaveType,"AL")>0,"AL",IF(COUNTIFS(LeaveName,'設定'!$B$12,LeaveDate,"="&($D$3+4*7+1),LeaveType,"SL")>0,"SL",IF('設定'!$B$12="","",IF('設定'!$C$12="S","S",IF('設定'!$C$12="R",IF(MOD(INT((($D$3+4*7+1-WEEKDAY($D$3+4*7+1,2)+1)-'設定'!$B$4)/7)+IF('設定'!$D$12="",0,'設定'!$D$12),16)<4,"A",IF(MOD(INT((($D$3+4*7+1-WEEKDAY($D$3+4*7+1,2)+1)-'設定'!$B$4)/7)+IF('設定'!$D$12="",0,'設定'!$D$12),16)<8,"P",IF(MOD(INT((($D$3+4*7+1-WEEKDAY($D$3+4*7+1,2)+1)-'設定'!$B$4)/7)+IF('設定'!$D$12="",0,'設定'!$D$12),16)<12,"N","P"))),"")))))) | C44: =IF(OR(C38="",'設定'!$B$12=""),"",IF(COUNTIFS(LeaveName,'設定'!$B$12,LeaveDate,"="&($D$3+4*7+2),LeaveType,"AL")>0,"AL",IF(COUNTIFS(LeaveName,'設定'!$B$12,LeaveDate,"="&($D$3+4*7+2),LeaveType,"SL")>0,"SL",IF('設定'!$B$12="","",IF('設定'!$C$12="S","S",IF('設定'!$C$12="R",IF(MOD(INT((($D$3+4*7+2-WEEKDAY($D$3+4*7+2,2)+1)-'設定'!$B$4)/7)+IF('設定'!$D$12="",0,'設定'!$D$12),16)<4,"A",IF(MOD(INT((($D$3+4*7+2-WEEKDAY($D$3+4*7+2,2)+1)-'設定'!$B$4)/7)+IF('設定'!$D$12="",0,'設定'!$D$12),16)<8,"P",IF(MOD(INT((($D$3+4*7+2-WEEKDAY($D$3+4*7+2,2)+1)-'設定'!$B$4)/7)+IF('設定'!$D$12="",0,'設定'!$D$12),16)<12,"N","P"))),"")))))) | D44: =IF(OR(D38="",'設定'!$B$12=""),"",IF(COUNTIFS(LeaveName,'設定'!$B$12,LeaveDate,"="&($D$3+4*7+3),LeaveType,"AL")>0,"AL",IF(COUNTIFS(LeaveName,'設定'!$B$12,LeaveDate,"="&($D$3+4*7+3),LeaveType,"SL")>0,"SL",IF('設定'!$B$12="","",IF('設定'!$C$12="S","S",IF('設定'!$C$12="R",IF(MOD(INT((($D$3+4*7+3-WEEKDAY($D$3+4*7+3,2)+1)-'設定'!$B$4)/7)+IF('設定'!$D$12="",0,'設定'!$D$12),16)<4,"A",IF(MOD(INT((($D$3+4*7+3-WEEKDAY($D$3+4*7+3,2)+1)-'設定'!$B$4)/7)+IF('設定'!$D$12="",0,'設定'!$D$12),16)<8,"P",IF(MOD(INT((($D$3+4*7+3-WEEKDAY($D$3+4*7+3,2)+1)-'設定'!$B$4)/7)+IF('設定'!$D$12="",0,'設定'!$D$12),16)<12,"N","P"))),"")))))) | E44: =IF(OR(E38="",'設定'!$B$12=""),"",IF(COUNTIFS(LeaveName,'設定'!$B$12,LeaveDate,"="&($D$3+4*7+4),LeaveType,"AL")>0,"AL",IF(COUNTIFS(LeaveName,'設定'!$B$12,LeaveDate,"="&($D$3+4*7+4),LeaveType,"SL")>0,"SL",IF('設定'!$B$12="","",IF('設定'!$C$12="S","S",IF('設定'!$C$12="R",IF(MOD(INT((($D$3+4*7+4-WEEKDAY($D$3+4*7+4,2)+1)-'設定'!$B$4)/7)+IF('設定'!$D$12="",0,'設定'!$D$12),16)<4,"A",IF(MOD(INT((($D$3+4*7+4-WEEKDAY($D$3+4*7+4,2)+1)-'設定'!$B$4)/7)+IF('設定'!$D$12="",0,'設定'!$D$12),16)<8,"P",IF(MOD(INT((($D$3+4*7+4-WEEKDAY($D$3+4*7+4,2)+1)-'設定'!$B$4)/7)+IF('設定'!$D$12="",0,'設定'!$D$12),16)<12,"N","P"))),"")))))) | F44: =IF(OR(F38="",'設定'!$B$12=""),"",IF(COUNTIFS(LeaveName,'設定'!$B$12,LeaveDate,"="&($D$3+4*7+5),LeaveType,"AL")>0,"AL",IF(COUNTIFS(LeaveName,'設定'!$B$12,LeaveDate,"="&($D$3+4*7+5),LeaveType,"SL")>0,"SL",IF('設定'!$B$12="","",IF('設定'!$C$12="S","S",IF('設定'!$C$12="R",IF(MOD(INT((($D$3+4*7+5-WEEKDAY($D$3+4*7+5,2)+1)-'設定'!$B$4)/7)+IF('設定'!$D$12="",0,'設定'!$D$12),16)<4,"A",IF(MOD(INT((($D$3+4*7+5-WEEKDAY($D$3+4*7+5,2)+1)-'設定'!$B$4)/7)+IF('設定'!$D$12="",0,'設定'!$D$12),16)<8,"P",IF(MOD(INT((($D$3+4*7+5-WEEKDAY($D$3+4*7+5,2)+1)-'設定'!$B$4)/7)+IF('設定'!$D$12="",0,'設定'!$D$12),16)<12,"N","P"))),"")))))) | G44: =IF(OR(G38="",'設定'!$B$12=""),"",IF(COUNTIFS(LeaveName,'設定'!$B$12,LeaveDate,"="&($D$3+4*7+6),LeaveType,"AL")>0,"AL",IF(COUNTIFS(LeaveName,'設定'!$B$12,LeaveDate,"="&($D$3+4*7+6),LeaveType,"SL")>0,"SL",IF('設定'!$B$12="","",IF('設定'!$C$12="S","S",IF('設定'!$C$12="R",IF(MOD(INT((($D$3+4*7+6-WEEKDAY($D$3+4*7+6,2)+1)-'設定'!$B$4)/7)+IF('設定'!$D$12="",0,'設定'!$D$12),16)<4,"A",IF(MOD(INT((($D$3+4*7+6-WEEKDAY($D$3+4*7+6,2)+1)-'設定'!$B$4)/7)+IF('設定'!$D$12="",0,'設定'!$D$12),16)<8,"P",IF(MOD(INT((($D$3+4*7+6-WEEKDAY($D$3+4*7+6,2)+1)-'設定'!$B$4)/7)+IF('設定'!$D$12="",0,'設定'!$D$12),16)<12,"N","P"))),"")))))) | I44: ='設定'!B12
A45: =IF(OR(A38="",'設定'!$B$13=""),"",IF(COUNTIFS(LeaveName,'設定'!$B$13,LeaveDate,"="&($D$3+4*7+0),LeaveType,"AL")>0,"AL",IF(COUNTIFS(LeaveName,'設定'!$B$13,LeaveDate,"="&($D$3+4*7+0),LeaveType,"SL")>0,"SL",IF('設定'!$B$13="","",IF('設定'!$C$13="S","S",IF('設定'!$C$13="R",IF(MOD(INT((($D$3+4*7+0-WEEKDAY($D$3+4*7+0,2)+1)-'設定'!$B$4)/7)+IF('設定'!$D$13="",0,'設定'!$D$13),16)<4,"A",IF(MOD(INT((($D$3+4*7+0-WEEKDAY($D$3+4*7+0,2)+1)-'設定'!$B$4)/7)+IF('設定'!$D$13="",0,'設定'!$D$13),16)<8,"P",IF(MOD(INT((($D$3+4*7+0-WEEKDAY($D$3+4*7+0,2)+1)-'設定'!$B$4)/7)+IF('設定'!$D$13="",0,'設定'!$D$13),16)<12,"N","P"))),"")))))) | B45: =IF(OR(B38="",'設定'!$B$13=""),"",IF(COUNTIFS(LeaveName,'設定'!$B$13,LeaveDate,"="&($D$3+4*7+1),LeaveType,"AL")>0,"AL",IF(COUNTIFS(LeaveName,'設定'!$B$13,LeaveDate,"="&($D$3+4*7+1),LeaveType,"SL")>0,"SL",IF('設定'!$B$13="","",IF('設定'!$C$13="S","S",IF('設定'!$C$13="R",IF(MOD(INT((($D$3+4*7+1-WEEKDAY($D$3+4*7+1,2)+1)-'設定'!$B$4)/7)+IF('設定'!$D$13="",0,'設定'!$D$13),16)<4,"A",IF(MOD(INT((($D$3+4*7+1-WEEKDAY($D$3+4*7+1,2)+1)-'設定'!$B$4)/7)+IF('設定'!$D$13="",0,'設定'!$D$13),16)<8,"P",IF(MOD(INT((($D$3+4*7+1-WEEKDAY($D$3+4*7+1,2)+1)-'設定'!$B$4)/7)+IF('設定'!$D$13="",0,'設定'!$D$13),16)<12,"N","P"))),"")))))) | C45: =IF(OR(C38="",'設定'!$B$13=""),"",IF(COUNTIFS(LeaveName,'設定'!$B$13,LeaveDate,"="&($D$3+4*7+2),LeaveType,"AL")>0,"AL",IF(COUNTIFS(LeaveName,'設定'!$B$13,LeaveDate,"="&($D$3+4*7+2),LeaveType,"SL")>0,"SL",IF('設定'!$B$13="","",IF('設定'!$C$13="S","S",IF('設定'!$C$13="R",IF(MOD(INT((($D$3+4*7+2-WEEKDAY($D$3+4*7+2,2)+1)-'設定'!$B$4)/7)+IF('設定'!$D$13="",0,'設定'!$D$13),16)<4,"A",IF(MOD(INT((($D$3+4*7+2-WEEKDAY($D$3+4*7+2,2)+1)-'設定'!$B$4)/7)+IF('設定'!$D$13="",0,'設定'!$D$13),16)<8,"P",IF(MOD(INT((($D$3+4*7+2-WEEKDAY($D$3+4*7+2,2)+1)-'設定'!$B$4)/7)+IF('設定'!$D$13="",0,'設定'!$D$13),16)<12,"N","P"))),"")))))) | D45: =IF(OR(D38="",'設定'!$B$13=""),"",IF(COUNTIFS(LeaveName,'設定'!$B$13,LeaveDate,"="&($D$3+4*7+3),LeaveType,"AL")>0,"AL",IF(COUNTIFS(LeaveName,'設定'!$B$13,LeaveDate,"="&($D$3+4*7+3),LeaveType,"SL")>0,"SL",IF('設定'!$B$13="","",IF('設定'!$C$13="S","S",IF('設定'!$C$13="R",IF(MOD(INT((($D$3+4*7+3-WEEKDAY($D$3+4*7+3,2)+1)-'設定'!$B$4)/7)+IF('設定'!$D$13="",0,'設定'!$D$13),16)<4,"A",IF(MOD(INT((($D$3+4*7+3-WEEKDAY($D$3+4*7+3,2)+1)-'設定'!$B$4)/7)+IF('設定'!$D$13="",0,'設定'!$D$13),16)<8,"P",IF(MOD(INT((($D$3+4*7+3-WEEKDAY($D$3+4*7+3,2)+1)-'設定'!$B$4)/7)+IF('設定'!$D$13="",0,'設定'!$D$13),16)<12,"N","P"))),"")))))) | E45: =IF(OR(E38="",'設定'!$B$13=""),"",IF(COUNTIFS(LeaveName,'設定'!$B$13,LeaveDate,"="&($D$3+4*7+4),LeaveType,"AL")>0,"AL",IF(COUNTIFS(LeaveName,'設定'!$B$13,LeaveDate,"="&($D$3+4*7+4),LeaveType,"SL")>0,"SL",IF('設定'!$B$13="","",IF('設定'!$C$13="S","S",IF('設定'!$C$13="R",IF(MOD(INT((($D$3+4*7+4-WEEKDAY($D$3+4*7+4,2)+1)-'設定'!$B$4)/7)+IF('設定'!$D$13="",0,'設定'!$D$13),16)<4,"A",IF(MOD(INT((($D$3+4*7+4-WEEKDAY($D$3+4*7+4,2)+1)-'設定'!$B$4)/7)+IF('設定'!$D$13="",0,'設定'!$D$13),16)<8,"P",IF(MOD(INT((($D$3+4*7+4-WEEKDAY($D$3+4*7+4,2)+1)-'設定'!$B$4)/7)+IF('設定'!$D$13="",0,'設定'!$D$13),16)<12,"N","P"))),"")))))) | F45: =IF(OR(F38="",'設定'!$B$13=""),"",IF(COUNTIFS(LeaveName,'設定'!$B$13,LeaveDate,"="&($D$3+4*7+5),LeaveType,"AL")>0,"AL",IF(COUNTIFS(LeaveName,'設定'!$B$13,LeaveDate,"="&($D$3+4*7+5),LeaveType,"SL")>0,"SL",IF('設定'!$B$13="","",IF('設定'!$C$13="S","S",IF('設定'!$C$13="R",IF(MOD(INT((($D$3+4*7+5-WEEKDAY($D$3+4*7+5,2)+1)-'設定'!$B$4)/7)+IF('設定'!$D$13="",0,'設定'!$D$13),16)<4,"A",IF(MOD(INT((($D$3+4*7+5-WEEKDAY($D$3+4*7+5,2)+1)-'設定'!$B$4)/7)+IF('設定'!$D$13="",0,'設定'!$D$13),16)<8,"P",IF(MOD(INT((($D$3+4*7+5-WEEKDAY($D$3+4*7+5,2)+1)-'設定'!$B$4)/7)+IF('設定'!$D$13="",0,'設定'!$D$13),16)<12,"N","P"))),"")))))) | G45: =IF(OR(G38="",'設定'!$B$13=""),"",IF(COUNTIFS(LeaveName,'設定'!$B$13,LeaveDate,"="&($D$3+4*7+6),LeaveType,"AL")>0,"AL",IF(COUNTIFS(LeaveName,'設定'!$B$13,LeaveDate,"="&($D$3+4*7+6),LeaveType,"SL")>0,"SL",IF('設定'!$B$13="","",IF('設定'!$C$13="S","S",IF('設定'!$C$13="R",IF(MOD(INT((($D$3+4*7+6-WEEKDAY($D$3+4*7+6,2)+1)-'設定'!$B$4)/7)+IF('設定'!$D$13="",0,'設定'!$D$13),16)<4,"A",IF(MOD(INT((($D$3+4*7+6-WEEKDAY($D$3+4*7+6,2)+1)-'設定'!$B$4)/7)+IF('設定'!$D$13="",0,'設定'!$D$13),16)<8,"P",IF(MOD(INT((($D$3+4*7+6-WEEKDAY($D$3+4*7+6,2)+1)-'設定'!$B$4)/7)+IF('設定'!$D$13="",0,'設定'!$D$13),16)<12,"N","P"))),"")))))) | I45: ='設定'!B13
A46: =IF(OR(MONTH($D$3+5*7+0)<>MONTH($B$3),YEAR($D$3+5*7+0)<>YEAR($B$3)),"",$D$3+5*7+0) | B46: =IF(OR(MONTH($D$3+5*7+1)<>MONTH($B$3),YEAR($D$3+5*7+1)<>YEAR($B$3)),"",$D$3+5*7+1) | C46: =IF(OR(MONTH($D$3+5*7+2)<>MONTH($B$3),YEAR($D$3+5*7+2)<>YEAR($B$3)),"",$D$3+5*7+2) | D46: =IF(OR(MONTH($D$3+5*7+3)<>MONTH($B$3),YEAR($D$3+5*7+3)<>YEAR($B$3)),"",$D$3+5*7+3) | E46: =IF(OR(MONTH($D$3+5*7+4)<>MONTH($B$3),YEAR($D$3+5*7+4)<>YEAR($B$3)),"",$D$3+5*7+4) | F46: =IF(OR(MONTH($D$3+5*7+5)<>MONTH($B$3),YEAR($D$3+5*7+5)<>YEAR($B$3)),"",$D$3+5*7+5) | G46: =IF(OR(MONTH($D$3+5*7+6)<>MONTH($B$3),YEAR($D$3+5*7+6)<>YEAR($B$3)),"",$D$3+5*7+6) | I46: 日期
A47: =IF(A46="","",IFERROR(INDEX(HolidayNames,MATCH($D$3+5*7+0,HolidayDates,0)),"")) | B47: =IF(B46="","",IFERROR(INDEX(HolidayNames,MATCH($D$3+5*7+1,HolidayDates,0)),"")) | C47: =IF(C46="","",IFERROR(INDEX(HolidayNames,MATCH($D$3+5*7+2,HolidayDates,0)),"")) | D47: =IF(D46="","",IFERROR(INDEX(HolidayNames,MATCH($D$3+5*7+3,HolidayDates,0)),"")) | E47: =IF(E46="","",IFERROR(INDEX(HolidayNames,MATCH($D$3+5*7+4,HolidayDates,0)),"")) | F47: =IF(F46="","",IFERROR(INDEX(HolidayNames,MATCH($D$3+5*7+5,HolidayDates,0)),"")) | G47: =IF(G46="","",IFERROR(INDEX(HolidayNames,MATCH($D$3+5*7+6,HolidayDates,0)),"")) | I47: 公眾假期
A48: =IF(OR(A46="",'設定'!$B$8=""),"",IF(COUNTIFS(LeaveName,'設定'!$B$8,LeaveDate,"="&($D$3+5*7+0),LeaveType,"AL")>0,"AL",IF(COUNTIFS(LeaveName,'設定'!$B$8,LeaveDate,"="&($D$3+5*7+0),LeaveType,"SL")>0,"SL",IF('設定'!$B$8="","",IF('設定'!$C$8="S","S",IF('設定'!$C$8="R",IF(MOD(INT((($D$3+5*7+0-WEEKDAY($D$3+5*7+0,2)+1)-'設定'!$B$4)/7)+IF('設定'!$D$8="",0,'設定'!$D$8),16)<4,"A",IF(MOD(INT((($D$3+5*7+0-WEEKDAY($D$3+5*7+0,2)+1)-'設定'!$B$4)/7)+IF('設定'!$D$8="",0,'設定'!$D$8),16)<8,"P",IF(MOD(INT((($D$3+5*7+0-WEEKDAY($D$3+5*7+0,2)+1)-'設定'!$B$4)/7)+IF('設定'!$D$8="",0,'設定'!$D$8),16)<12,"N","P"))),"")))))) | B48: =IF(OR(B46="",'設定'!$B$8=""),"",IF(COUNTIFS(LeaveName,'設定'!$B$8,LeaveDate,"="&($D$3+5*7+1),LeaveType,"AL")>0,"AL",IF(COUNTIFS(LeaveName,'設定'!$B$8,LeaveDate,"="&($D$3+5*7+1),LeaveType,"SL")>0,"SL",IF('設定'!$B$8="","",IF('設定'!$C$8="S","S",IF('設定'!$C$8="R",IF(MOD(INT((($D$3+5*7+1-WEEKDAY($D$3+5*7+1,2)+1)-'設定'!$B$4)/7)+IF('設定'!$D$8="",0,'設定'!$D$8),16)<4,"A",IF(MOD(INT((($D$3+5*7+1-WEEKDAY($D$3+5*7+1,2)+1)-'設定'!$B$4)/7)+IF('設定'!$D$8="",0,'設定'!$D$8),16)<8,"P",IF(MOD(INT((($D$3+5*7+1-WEEKDAY($D$3+5*7+1,2)+1)-'設定'!$B$4)/7)+IF('設定'!$D$8="",0,'設定'!$D$8),16)<12,"N","P"))),"")))))) | C48: =IF(OR(C46="",'設定'!$B$8=""),"",IF(COUNTIFS(LeaveName,'設定'!$B$8,LeaveDate,"="&($D$3+5*7+2),LeaveType,"AL")>0,"AL",IF(COUNTIFS(LeaveName,'設定'!$B$8,LeaveDate,"="&($D$3+5*7+2),LeaveType,"SL")>0,"SL",IF('設定'!$B$8="","",IF('設定'!$C$8="S","S",IF('設定'!$C$8="R",IF(MOD(INT((($D$3+5*7+2-WEEKDAY($D$3+5*7+2,2)+1)-'設定'!$B$4)/7)+IF('設定'!$D$8="",0,'設定'!$D$8),16)<4,"A",IF(MOD(INT((($D$3+5*7+2-WEEKDAY($D$3+5*7+2,2)+1)-'設定'!$B$4)/7)+IF('設定'!$D$8="",0,'設定'!$D$8),16)<8,"P",IF(MOD(INT((($D$3+5*7+2-WEEKDAY($D$3+5*7+2,2)+1)-'設定'!$B$4)/7)+IF('設定'!$D$8="",0,'設定'!$D$8),16)<12,"N","P"))),"")))))) | D48: =IF(OR(D46="",'設定'!$B$8=""),"",IF(COUNTIFS(LeaveName,'設定'!$B$8,LeaveDate,"="&($D$3+5*7+3),LeaveType,"AL")>0,"AL",IF(COUNTIFS(LeaveName,'設定'!$B$8,LeaveDate,"="&($D$3+5*7+3),LeaveType,"SL")>0,"SL",IF('設定'!$B$8="","",IF('設定'!$C$8="S","S",IF('設定'!$C$8="R",IF(MOD(INT((($D$3+5*7+3-WEEKDAY($D$3+5*7+3,2)+1)-'設定'!$B$4)/7)+IF('設定'!$D$8="",0,'設定'!$D$8),16)<4,"A",IF(MOD(INT((($D$3+5*7+3-WEEKDAY($D$3+5*7+3,2)+1)-'設定'!$B$4)/7)+IF('設定'!$D$8="",0,'設定'!$D$8),16)<8,"P",IF(MOD(INT((($D$3+5*7+3-WEEKDAY($D$3+5*7+3,2)+1)-'設定'!$B$4)/7)+IF('設定'!$D$8="",0,'設定'!$D$8),16)<12,"N","P"))),"")))))) | E48: =IF(OR(E46="",'設定'!$B$8=""),"",IF(COUNTIFS(LeaveName,'設定'!$B$8,LeaveDate,"="&($D$3+5*7+4),LeaveType,"AL")>0,"AL",IF(COUNTIFS(LeaveName,'設定'!$B$8,LeaveDate,"="&($D$3+5*7+4),LeaveType,"SL")>0,"SL",IF('設定'!$B$8="","",IF('設定'!$C$8="S","S",IF('設定'!$C$8="R",IF(MOD(INT((($D$3+5*7+4-WEEKDAY($D$3+5*7+4,2)+1)-'設定'!$B$4)/7)+IF('設定'!$D$8="",0,'設定'!$D$8),16)<4,"A",IF(MOD(INT((($D$3+5*7+4-WEEKDAY($D$3+5*7+4,2)+1)-'設定'!$B$4)/7)+IF('設定'!$D$8="",0,'設定'!$D$8),16)<8,"P",IF(MOD(INT((($D$3+5*7+4-WEEKDAY($D$3+5*7+4,2)+1)-'設定'!$B$4)/7)+IF('設定'!$D$8="",0,'設定'!$D$8),16)<12,"N","P"))),"")))))) | F48: =IF(OR(F46="",'設定'!$B$8=""),"",IF(COUNTIFS(LeaveName,'設定'!$B$8,LeaveDate,"="&($D$3+5*7+5),LeaveType,"AL")>0,"AL",IF(COUNTIFS(LeaveName,'設定'!$B$8,LeaveDate,"="&($D$3+5*7+5),LeaveType,"SL")>0,"SL",IF('設定'!$B$8="","",IF('設定'!$C$8="S","S",IF('設定'!$C$8="R",IF(MOD(INT((($D$3+5*7+5-WEEKDAY($D$3+5*7+5,2)+1)-'設定'!$B$4)/7)+IF('設定'!$D$8="",0,'設定'!$D$8),16)<4,"A",IF(MOD(INT((($D$3+5*7+5-WEEKDAY($D$3+5*7+5,2)+1)-'設定'!$B$4)/7)+IF('設定'!$D$8="",0,'設定'!$D$8),16)<8,"P",IF(MOD(INT((($D$3+5*7+5-WEEKDAY($D$3+5*7+5,2)+1)-'設定'!$B$4)/7)+IF('設定'!$D$8="",0,'設定'!$D$8),16)<12,"N","P"))),"")))))) | G48: =IF(OR(G46="",'設定'!$B$8=""),"",IF(COUNTIFS(LeaveName,'設定'!$B$8,LeaveDate,"="&($D$3+5*7+6),LeaveType,"AL")>0,"AL",IF(COUNTIFS(LeaveName,'設定'!$B$8,LeaveDate,"="&($D$3+5*7+6),LeaveType,"SL")>0,"SL",IF('設定'!$B$8="","",IF('設定'!$C$8="S","S",IF('設定'!$C$8="R",IF(MOD(INT((($D$3+5*7+6-WEEKDAY($D$3+5*7+6,2)+1)-'設定'!$B$4)/7)+IF('設定'!$D$8="",0,'設定'!$D$8),16)<4,"A",IF(MOD(INT((($D$3+5*7+6-WEEKDAY($D$3+5*7+6,2)+1)-'設定'!$B$4)/7)+IF('設定'!$D$8="",0,'設定'!$D$8),16)<8,"P",IF(MOD(INT((($D$3+5*7+6-WEEKDAY($D$3+5*7+6,2)+1)-'設定'!$B$4)/7)+IF('設定'!$D$8="",0,'設定'!$D$8),16)<12,"N","P"))),"")))))) | I48: ='設定'!B8
A49: =IF(OR(A46="",'設定'!$B$9=""),"",IF(COUNTIFS(LeaveName,'設定'!$B$9,LeaveDate,"="&($D$3+5*7+0),LeaveType,"AL")>0,"AL",IF(COUNTIFS(LeaveName,'設定'!$B$9,LeaveDate,"="&($D$3+5*7+0),LeaveType,"SL")>0,"SL",IF('設定'!$B$9="","",IF('設定'!$C$9="S","S",IF('設定'!$C$9="R",IF(MOD(INT((($D$3+5*7+0-WEEKDAY($D$3+5*7+0,2)+1)-'設定'!$B$4)/7)+IF('設定'!$D$9="",0,'設定'!$D$9),16)<4,"A",IF(MOD(INT((($D$3+5*7+0-WEEKDAY($D$3+5*7+0,2)+1)-'設定'!$B$4)/7)+IF('設定'!$D$9="",0,'設定'!$D$9),16)<8,"P",IF(MOD(INT((($D$3+5*7+0-WEEKDAY($D$3+5*7+0,2)+1)-'設定'!$B$4)/7)+IF('設定'!$D$9="",0,'設定'!$D$9),16)<12,"N","P"))),"")))))) | B49: =IF(OR(B46="",'設定'!$B$9=""),"",IF(COUNTIFS(LeaveName,'設定'!$B$9,LeaveDate,"="&($D$3+5*7+1),LeaveType,"AL")>0,"AL",IF(COUNTIFS(LeaveName,'設定'!$B$9,LeaveDate,"="&($D$3+5*7+1),LeaveType,"SL")>0,"SL",IF('設定'!$B$9="","",IF('設定'!$C$9="S","S",IF('設定'!$C$9="R",IF(MOD(INT((($D$3+5*7+1-WEEKDAY($D$3+5*7+1,2)+1)-'設定'!$B$4)/7)+IF('設定'!$D$9="",0,'設定'!$D$9),16)<4,"A",IF(MOD(INT((($D$3+5*7+1-WEEKDAY($D$3+5*7+1,2)+1)-'設定'!$B$4)/7)+IF('設定'!$D$9="",0,'設定'!$D$9),16)<8,"P",IF(MOD(INT((($D$3+5*7+1-WEEKDAY($D$3+5*7+1,2)+1)-'設定'!$B$4)/7)+IF('設定'!$D$9="",0,'設定'!$D$9),16)<12,"N","P"))),"")))))) | C49: =IF(OR(C46="",'設定'!$B$9=""),"",IF(COUNTIFS(LeaveName,'設定'!$B$9,LeaveDate,"="&($D$3+5*7+2),LeaveType,"AL")>0,"AL",IF(COUNTIFS(LeaveName,'設定'!$B$9,LeaveDate,"="&($D$3+5*7+2),LeaveType,"SL")>0,"SL",IF('設定'!$B$9="","",IF('設定'!$C$9="S","S",IF('設定'!$C$9="R",IF(MOD(INT((($D$3+5*7+2-WEEKDAY($D$3+5*7+2,2)+1)-'設定'!$B$4)/7)+IF('設定'!$D$9="",0,'設定'!$D$9),16)<4,"A",IF(MOD(INT((($D$3+5*7+2-WEEKDAY($D$3+5*7+2,2)+1)-'設定'!$B$4)/7)+IF('設定'!$D$9="",0,'設定'!$D$9),16)<8,"P",IF(MOD(INT((($D$3+5*7+2-WEEKDAY($D$3+5*7+2,2)+1)-'設定'!$B$4)/7)+IF('設定'!$D$9="",0,'設定'!$D$9),16)<12,"N","P"))),"")))))) | D49: =IF(OR(D46="",'設定'!$B$9=""),"",IF(COUNTIFS(LeaveName,'設定'!$B$9,LeaveDate,"="&($D$3+5*7+3),LeaveType,"AL")>0,"AL",IF(COUNTIFS(LeaveName,'設定'!$B$9,LeaveDate,"="&($D$3+5*7+3),LeaveType,"SL")>0,"SL",IF('設定'!$B$9="","",IF('設定'!$C$9="S","S",IF('設定'!$C$9="R",IF(MOD(INT((($D$3+5*7+3-WEEKDAY($D$3+5*7+3,2)+1)-'設定'!$B$4)/7)+IF('設定'!$D$9="",0,'設定'!$D$9),16)<4,"A",IF(MOD(INT((($D$3+5*7+3-WEEKDAY($D$3+5*7+3,2)+1)-'設定'!$B$4)/7)+IF('設定'!$D$9="",0,'設定'!$D$9),16)<8,"P",IF(MOD(INT((($D$3+5*7+3-WEEKDAY($D$3+5*7+3,2)+1)-'設定'!$B$4)/7)+IF('設定'!$D$9="",0,'設定'!$D$9),16)<12,"N","P"))),"")))))) | E49: =IF(OR(E46="",'設定'!$B$9=""),"",IF(COUNTIFS(LeaveName,'設定'!$B$9,LeaveDate,"="&($D$3+5*7+4),LeaveType,"AL")>0,"AL",IF(COUNTIFS(LeaveName,'設定'!$B$9,LeaveDate,"="&($D$3+5*7+4),LeaveType,"SL")>0,"SL",IF('設定'!$B$9="","",IF('設定'!$C$9="S","S",IF('設定'!$C$9="R",IF(MOD(INT((($D$3+5*7+4-WEEKDAY($D$3+5*7+4,2)+1)-'設定'!$B$4)/7)+IF('設定'!$D$9="",0,'設定'!$D$9),16)<4,"A",IF(MOD(INT((($D$3+5*7+4-WEEKDAY($D$3+5*7+4,2)+1)-'設定'!$B$4)/7)+IF('設定'!$D$9="",0,'設定'!$D$9),16)<8,"P",IF(MOD(INT((($D$3+5*7+4-WEEKDAY($D$3+5*7+4,2)+1)-'設定'!$B$4)/7)+IF('設定'!$D$9="",0,'設定'!$D$9),16)<12,"N","P"))),"")))))) | F49: =IF(OR(F46="",'設定'!$B$9=""),"",IF(COUNTIFS(LeaveName,'設定'!$B$9,LeaveDate,"="&($D$3+5*7+5),LeaveType,"AL")>0,"AL",IF(COUNTIFS(LeaveName,'設定'!$B$9,LeaveDate,"="&($D$3+5*7+5),LeaveType,"SL")>0,"SL",IF('設定'!$B$9="","",IF('設定'!$C$9="S","S",IF('設定'!$C$9="R",IF(MOD(INT((($D$3+5*7+5-WEEKDAY($D$3+5*7+5,2)+1)-'設定'!$B$4)/7)+IF('設定'!$D$9="",0,'設定'!$D$9),16)<4,"A",IF(MOD(INT((($D$3+5*7+5-WEEKDAY($D$3+5*7+5,2)+1)-'設定'!$B$4)/7)+IF('設定'!$D$9="",0,'設定'!$D$9),16)<8,"P",IF(MOD(INT((($D$3+5*7+5-WEEKDAY($D$3+5*7+5,2)+1)-'設定'!$B$4)/7)+IF('設定'!$D$9="",0,'設定'!$D$9),16)<12,"N","P"))),"")))))) | G49: =IF(OR(G46="",'設定'!$B$9=""),"",IF(COUNTIFS(LeaveName,'設定'!$B$9,LeaveDate,"="&($D$3+5*7+6),LeaveType,"AL")>0,"AL",IF(COUNTIFS(LeaveName,'設定'!$B$9,LeaveDate,"="&($D$3+5*7+6),LeaveType,"SL")>0,"SL",IF('設定'!$B$9="","",IF('設定'!$C$9="S","S",IF('設定'!$C$9="R",IF(MOD(INT((($D$3+5*7+6-WEEKDAY($D$3+5*7+6,2)+1)-'設定'!$B$4)/7)+IF('設定'!$D$9="",0,'設定'!$D$9),16)<4,"A",IF(MOD(INT((($D$3+5*7+6-WEEKDAY($D$3+5*7+6,2)+1)-'設定'!$B$4)/7)+IF('設定'!$D$9="",0,'設定'!$D$9),16)<8,"P",IF(MOD(INT((($D$3+5*7+6-WEEKDAY($D$3+5*7+6,2)+1)-'設定'!$B$4)/7)+IF('設定'!$D$9="",0,'設定'!$D$9),16)<12,"N","P"))),"")))))) | I49: ='設定'!B9
A50: =IF(OR(A46="",'設定'!$B$10=""),"",IF(COUNTIFS(LeaveName,'設定'!$B$10,LeaveDate,"="&($D$3+5*7+0),LeaveType,"AL")>0,"AL",IF(COUNTIFS(LeaveName,'設定'!$B$10,LeaveDate,"="&($D$3+5*7+0),LeaveType,"SL")>0,"SL",IF('設定'!$B$10="","",IF('設定'!$C$10="S","S",IF('設定'!$C$10="R",IF(MOD(INT((($D$3+5*7+0-WEEKDAY($D$3+5*7+0,2)+1)-'設定'!$B$4)/7)+IF('設定'!$D$10="",0,'設定'!$D$10),16)<4,"A",IF(MOD(INT((($D$3+5*7+0-WEEKDAY($D$3+5*7+0,2)+1)-'設定'!$B$4)/7)+IF('設定'!$D$10="",0,'設定'!$D$10),16)<8,"P",IF(MOD(INT((($D$3+5*7+0-WEEKDAY($D$3+5*7+0,2)+1)-'設定'!$B$4)/7)+IF('設定'!$D$10="",0,'設定'!$D$10),16)<12,"N","P"))),"")))))) | B50: =IF(OR(B46="",'設定'!$B$10=""),"",IF(COUNTIFS(LeaveName,'設定'!$B$10,LeaveDate,"="&($D$3+5*7+1),LeaveType,"AL")>0,"AL",IF(COUNTIFS(LeaveName,'設定'!$B$10,LeaveDate,"="&($D$3+5*7+1),LeaveType,"SL")>0,"SL",IF('設定'!$B$10="","",IF('設定'!$C$10="S","S",IF('設定'!$C$10="R",IF(MOD(INT((($D$3+5*7+1-WEEKDAY($D$3+5*7+1,2)+1)-'設定'!$B$4)/7)+IF('設定'!$D$10="",0,'設定'!$D$10),16)<4,"A",IF(MOD(INT((($D$3+5*7+1-WEEKDAY($D$3+5*7+1,2)+1)-'設定'!$B$4)/7)+IF('設定'!$D$10="",0,'設定'!$D$10),16)<8,"P",IF(MOD(INT((($D$3+5*7+1-WEEKDAY($D$3+5*7+1,2)+1)-'設定'!$B$4)/7)+IF('設定'!$D$10="",0,'設定'!$D$10),16)<12,"N","P"))),"")))))) | C50: =IF(OR(C46="",'設定'!$B$10=""),"",IF(COUNTIFS(LeaveName,'設定'!$B$10,LeaveDate,"="&($D$3+5*7+2),LeaveType,"AL")>0,"AL",IF(COUNTIFS(LeaveName,'設定'!$B$10,LeaveDate,"="&($D$3+5*7+2),LeaveType,"SL")>0,"SL",IF('設定'!$B$10="","",IF('設定'!$C$10="S","S",IF('設定'!$C$10="R",IF(MOD(INT((($D$3+5*7+2-WEEKDAY($D$3+5*7+2,2)+1)-'設定'!$B$4)/7)+IF('設定'!$D$10="",0,'設定'!$D$10),16)<4,"A",IF(MOD(INT((($D$3+5*7+2-WEEKDAY($D$3+5*7+2,2)+1)-'設定'!$B$4)/7)+IF('設定'!$D$10="",0,'設定'!$D$10),16)<8,"P",IF(MOD(INT((($D$3+5*7+2-WEEKDAY($D$3+5*7+2,2)+1)-'設定'!$B$4)/7)+IF('設定'!$D$10="",0,'設定'!$D$10),16)<12,"N","P"))),"")))))) | D50: =IF(OR(D46="",'設定'!$B$10=""),"",IF(COUNTIFS(LeaveName,'設定'!$B$10,LeaveDate,"="&($D$3+5*7+3),LeaveType,"AL")>0,"AL",IF(COUNTIFS(LeaveName,'設定'!$B$10,LeaveDate,"="&($D$3+5*7+3),LeaveType,"SL")>0,"SL",IF('設定'!$B$10="","",IF('設定'!$C$10="S","S",IF('設定'!$C$10="R",IF(MOD(INT((($D$3+5*7+3-WEEKDAY($D$3+5*7+3,2)+1)-'設定'!$B$4)/7)+IF('設定'!$D$10="",0,'設定'!$D$10),16)<4,"A",IF(MOD(INT((($D$3+5*7+3-WEEKDAY($D$3+5*7+3,2)+1)-'設定'!$B$4)/7)+IF('設定'!$D$10="",0,'設定'!$D$10),16)<8,"P",IF(MOD(INT((($D$3+5*7+3-WEEKDAY($D$3+5*7+3,2)+1)-'設定'!$B$4)/7)+IF('設定'!$D$10="",0,'設定'!$D$10),16)<12,"N","P"))),"")))))) | E50: =IF(OR(E46="",'設定'!$B$10=""),"",IF(COUNTIFS(LeaveName,'設定'!$B$10,LeaveDate,"="&($D$3+5*7+4),LeaveType,"AL")>0,"AL",IF(COUNTIFS(LeaveName,'設定'!$B$10,LeaveDate,"="&($D$3+5*7+4),LeaveType,"SL")>0,"SL",IF('設定'!$B$10="","",IF('設定'!$C$10="S","S",IF('設定'!$C$10="R",IF(MOD(INT((($D$3+5*7+4-WEEKDAY($D$3+5*7+4,2)+1)-'設定'!$B$4)/7)+IF('設定'!$D$10="",0,'設定'!$D$10),16)<4,"A",IF(MOD(INT((($D$3+5*7+4-WEEKDAY($D$3+5*7+4,2)+1)-'設定'!$B$4)/7)+IF('設定'!$D$10="",0,'設定'!$D$10),16)<8,"P",IF(MOD(INT((($D$3+5*7+4-WEEKDAY($D$3+5*7+4,2)+1)-'設定'!$B$4)/7)+IF('設定'!$D$10="",0,'設定'!$D$10),16)<12,"N","P"))),"")))))) | F50: =IF(OR(F46="",'設定'!$B$10=""),"",IF(COUNTIFS(LeaveName,'設定'!$B$10,LeaveDate,"="&($D$3+5*7+5),LeaveType,"AL")>0,"AL",IF(COUNTIFS(LeaveName,'設定'!$B$10,LeaveDate,"="&($D$3+5*7+5),LeaveType,"SL")>0,"SL",IF('設定'!$B$10="","",IF('設定'!$C$10="S","S",IF('設定'!$C$10="R",IF(MOD(INT((($D$3+5*7+5-WEEKDAY($D$3+5*7+5,2)+1)-'設定'!$B$4)/7)+IF('設定'!$D$10="",0,'設定'!$D$10),16)<4,"A",IF(MOD(INT((($D$3+5*7+5-WEEKDAY($D$3+5*7+5,2)+1)-'設定'!$B$4)/7)+IF('設定'!$D$10="",0,'設定'!$D$10),16)<8,"P",IF(MOD(INT((($D$3+5*7+5-WEEKDAY($D$3+5*7+5,2)+1)-'設定'!$B$4)/7)+IF('設定'!$D$10="",0,'設定'!$D$10),16)<12,"N","P"))),"")))))) | G50: =IF(OR(G46="",'設定'!$B$10=""),"",IF(COUNTIFS(LeaveName,'設定'!$B$10,LeaveDate,"="&($D$3+5*7+6),LeaveType,"AL")>0,"AL",IF(COUNTIFS(LeaveName,'設定'!$B$10,LeaveDate,"="&($D$3+5*7+6),LeaveType,"SL")>0,"SL",IF('設定'!$B$10="","",IF('設定'!$C$10="S","S",IF('設定'!$C$10="R",IF(MOD(INT((($D$3+5*7+6-WEEKDAY($D$3+5*7+6,2)+1)-'設定'!$B$4)/7)+IF('設定'!$D$10="",0,'設定'!$D$10),16)<4,"A",IF(MOD(INT((($D$3+5*7+6-WEEKDAY($D$3+5*7+6,2)+1)-'設定'!$B$4)/7)+IF('設定'!$D$10="",0,'設定'!$D$10),16)<8,"P",IF(MOD(INT((($D$3+5*7+6-WEEKDAY($D$3+5*7+6,2)+1)-'設定'!$B$4)/7)+IF('設定'!$D$10="",0,'設定'!$D$10),16)<12,"N","P"))),"")))))) | I50: ='設定'!B10
A51: =IF(OR(A46="",'設定'!$B$11=""),"",IF(COUNTIFS(LeaveName,'設定'!$B$11,LeaveDate,"="&($D$3+5*7+0),LeaveType,"AL")>0,"AL",IF(COUNTIFS(LeaveName,'設定'!$B$11,LeaveDate,"="&($D$3+5*7+0),LeaveType,"SL")>0,"SL",IF('設定'!$B$11="","",IF('設定'!$C$11="S","S",IF('設定'!$C$11="R",IF(MOD(INT((($D$3+5*7+0-WEEKDAY($D$3+5*7+0,2)+1)-'設定'!$B$4)/7)+IF('設定'!$D$11="",0,'設定'!$D$11),16)<4,"A",IF(MOD(INT((($D$3+5*7+0-WEEKDAY($D$3+5*7+0,2)+1)-'設定'!$B$4)/7)+IF('設定'!$D$11="",0,'設定'!$D$11),16)<8,"P",IF(MOD(INT((($D$3+5*7+0-WEEKDAY($D$3+5*7+0,2)+1)-'設定'!$B$4)/7)+IF('設定'!$D$11="",0,'設定'!$D$11),16)<12,"N","P"))),"")))))) | B51: =IF(OR(B46="",'設定'!$B$11=""),"",IF(COUNTIFS(LeaveName,'設定'!$B$11,LeaveDate,"="&($D$3+5*7+1),LeaveType,"AL")>0,"AL",IF(COUNTIFS(LeaveName,'設定'!$B$11,LeaveDate,"="&($D$3+5*7+1),LeaveType,"SL")>0,"SL",IF('設定'!$B$11="","",IF('設定'!$C$11="S","S",IF('設定'!$C$11="R",IF(MOD(INT((($D$3+5*7+1-WEEKDAY($D$3+5*7+1,2)+1)-'設定'!$B$4)/7)+IF('設定'!$D$11="",0,'設定'!$D$11),16)<4,"A",IF(MOD(INT((($D$3+5*7+1-WEEKDAY($D$3+5*7+1,2)+1)-'設定'!$B$4)/7)+IF('設定'!$D$11="",0,'設定'!$D$11),16)<8,"P",IF(MOD(INT((($D$3+5*7+1-WEEKDAY($D$3+5*7+1,2)+1)-'設定'!$B$4)/7)+IF('設定'!$D$11="",0,'設定'!$D$11),16)<12,"N","P"))),"")))))) | C51: =IF(OR(C46="",'設定'!$B$11=""),"",IF(COUNTIFS(LeaveName,'設定'!$B$11,LeaveDate,"="&($D$3+5*7+2),LeaveType,"AL")>0,"AL",IF(COUNTIFS(LeaveName,'設定'!$B$11,LeaveDate,"="&($D$3+5*7+2),LeaveType,"SL")>0,"SL",IF('設定'!$B$11="","",IF('設定'!$C$11="S","S",IF('設定'!$C$11="R",IF(MOD(INT((($D$3+5*7+2-WEEKDAY($D$3+5*7+2,2)+1)-'設定'!$B$4)/7)+IF('設定'!$D$11="",0,'設定'!$D$11),16)<4,"A",IF(MOD(INT((($D$3+5*7+2-WEEKDAY($D$3+5*7+2,2)+1)-'設定'!$B$4)/7)+IF('設定'!$D$11="",0,'設定'!$D$11),16)<8,"P",IF(MOD(INT((($D$3+5*7+2-WEEKDAY($D$3+5*7+2,2)+1)-'設定'!$B$4)/7)+IF('設定'!$D$11="",0,'設定'!$D$11),16)<12,"N","P"))),"")))))) | D51: =IF(OR(D46="",'設定'!$B$11=""),"",IF(COUNTIFS(LeaveName,'設定'!$B$11,LeaveDate,"="&($D$3+5*7+3),LeaveType,"AL")>0,"AL",IF(COUNTIFS(LeaveName,'設定'!$B$11,LeaveDate,"="&($D$3+5*7+3),LeaveType,"SL")>0,"SL",IF('設定'!$B$11="","",IF('設定'!$C$11="S","S",IF('設定'!$C$11="R",IF(MOD(INT((($D$3+5*7+3-WEEKDAY($D$3+5*7+3,2)+1)-'設定'!$B$4)/7)+IF('設定'!$D$11="",0,'設定'!$D$11),16)<4,"A",IF(MOD(INT((($D$3+5*7+3-WEEKDAY($D$3+5*7+3,2)+1)-'設定'!$B$4)/7)+IF('設定'!$D$11="",0,'設定'!$D$11),16)<8,"P",IF(MOD(INT((($D$3+5*7+3-WEEKDAY($D$3+5*7+3,2)+1)-'設定'!$B$4)/7)+IF('設定'!$D$11="",0,'設定'!$D$11),16)<12,"N","P"))),"")))))) | E51: =IF(OR(E46="",'設定'!$B$11=""),"",IF(COUNTIFS(LeaveName,'設定'!$B$11,LeaveDate,"="&($D$3+5*7+4),LeaveType,"AL")>0,"AL",IF(COUNTIFS(LeaveName,'設定'!$B$11,LeaveDate,"="&($D$3+5*7+4),LeaveType,"SL")>0,"SL",IF('設定'!$B$11="","",IF('設定'!$C$11="S","S",IF('設定'!$C$11="R",IF(MOD(INT((($D$3+5*7+4-WEEKDAY($D$3+5*7+4,2)+1)-'設定'!$B$4)/7)+IF('設定'!$D$11="",0,'設定'!$D$11),16)<4,"A",IF(MOD(INT((($D$3+5*7+4-WEEKDAY($D$3+5*7+4,2)+1)-'設定'!$B$4)/7)+IF('設定'!$D$11="",0,'設定'!$D$11),16)<8,"P",IF(MOD(INT((($D$3+5*7+4-WEEKDAY($D$3+5*7+4,2)+1)-'設定'!$B$4)/7)+IF('設定'!$D$11="",0,'設定'!$D$11),16)<12,"N","P"))),"")))))) | F51: =IF(OR(F46="",'設定'!$B$11=""),"",IF(COUNTIFS(LeaveName,'設定'!$B$11,LeaveDate,"="&($D$3+5*7+5),LeaveType,"AL")>0,"AL",IF(COUNTIFS(LeaveName,'設定'!$B$11,LeaveDate,"="&($D$3+5*7+5),LeaveType,"SL")>0,"SL",IF('設定'!$B$11="","",IF('設定'!$C$11="S","S",IF('設定'!$C$11="R",IF(MOD(INT((($D$3+5*7+5-WEEKDAY($D$3+5*7+5,2)+1)-'設定'!$B$4)/7)+IF('設定'!$D$11="",0,'設定'!$D$11),16)<4,"A",IF(MOD(INT((($D$3+5*7+5-WEEKDAY($D$3+5*7+5,2)+1)-'設定'!$B$4)/7)+IF('設定'!$D$11="",0,'設定'!$D$11),16)<8,"P",IF(MOD(INT((($D$3+5*7+5-WEEKDAY($D$3+5*7+5,2)+1)-'設定'!$B$4)/7)+IF('設定'!$D$11="",0,'設定'!$D$11),16)<12,"N","P"))),"")))))) | G51: =IF(OR(G46="",'設定'!$B$11=""),"",IF(COUNTIFS(LeaveName,'設定'!$B$11,LeaveDate,"="&($D$3+5*7+6),LeaveType,"AL")>0,"AL",IF(COUNTIFS(LeaveName,'設定'!$B$11,LeaveDate,"="&($D$3+5*7+6),LeaveType,"SL")>0,"SL",IF('設定'!$B$11="","",IF('設定'!$C$11="S","S",IF('設定'!$C$11="R",IF(MOD(INT((($D$3+5*7+6-WEEKDAY($D$3+5*7+6,2)+1)-'設定'!$B$4)/7)+IF('設定'!$D$11="",0,'設定'!$D$11),16)<4,"A",IF(MOD(INT((($D$3+5*7+6-WEEKDAY($D$3+5*7+6,2)+1)-'設定'!$B$4)/7)+IF('設定'!$D$11="",0,'設定'!$D$11),16)<8,"P",IF(MOD(INT((($D$3+5*7+6-WEEKDAY($D$3+5*7+6,2)+1)-'設定'!$B$4)/7)+IF('設定'!$D$11="",0,'設定'!$D$11),16)<12,"N","P"))),"")))))) | I51: ='設定'!B11
A52: =IF(OR(A46="",'設定'!$B$12=""),"",IF(COUNTIFS(LeaveName,'設定'!$B$12,LeaveDate,"="&($D$3+5*7+0),LeaveType,"AL")>0,"AL",IF(COUNTIFS(LeaveName,'設定'!$B$12,LeaveDate,"="&($D$3+5*7+0),LeaveType,"SL")>0,"SL",IF('設定'!$B$12="","",IF('設定'!$C$12="S","S",IF('設定'!$C$12="R",IF(MOD(INT((($D$3+5*7+0-WEEKDAY($D$3+5*7+0,2)+1)-'設定'!$B$4)/7)+IF('設定'!$D$12="",0,'設定'!$D$12),16)<4,"A",IF(MOD(INT((($D$3+5*7+0-WEEKDAY($D$3+5*7+0,2)+1)-'設定'!$B$4)/7)+IF('設定'!$D$12="",0,'設定'!$D$12),16)<8,"P",IF(MOD(INT((($D$3+5*7+0-WEEKDAY($D$3+5*7+0,2)+1)-'設定'!$B$4)/7)+IF('設定'!$D$12="",0,'設定'!$D$12),16)<12,"N","P"))),"")))))) | B52: =IF(OR(B46="",'設定'!$B$12=""),"",IF(COUNTIFS(LeaveName,'設定'!$B$12,LeaveDate,"="&($D$3+5*7+1),LeaveType,"AL")>0,"AL",IF(COUNTIFS(LeaveName,'設定'!$B$12,LeaveDate,"="&($D$3+5*7+1),LeaveType,"SL")>0,"SL",IF('設定'!$B$12="","",IF('設定'!$C$12="S","S",IF('設定'!$C$12="R",IF(MOD(INT((($D$3+5*7+1-WEEKDAY($D$3+5*7+1,2)+1)-'設定'!$B$4)/7)+IF('設定'!$D$12="",0,'設定'!$D$12),16)<4,"A",IF(MOD(INT((($D$3+5*7+1-WEEKDAY($D$3+5*7+1,2)+1)-'設定'!$B$4)/7)+IF('設定'!$D$12="",0,'設定'!$D$12),16)<8,"P",IF(MOD(INT((($D$3+5*7+1-WEEKDAY($D$3+5*7+1,2)+1)-'設定'!$B$4)/7)+IF('設定'!$D$12="",0,'設定'!$D$12),16)<12,"N","P"))),"")))))) | C52: =IF(OR(C46="",'設定'!$B$12=""),"",IF(COUNTIFS(LeaveName,'設定'!$B$12,LeaveDate,"="&($D$3+5*7+2),LeaveType,"AL")>0,"AL",IF(COUNTIFS(LeaveName,'設定'!$B$12,LeaveDate,"="&($D$3+5*7+2),LeaveType,"SL")>0,"SL",IF('設定'!$B$12="","",IF('設定'!$C$12="S","S",IF('設定'!$C$12="R",IF(MOD(INT((($D$3+5*7+2-WEEKDAY($D$3+5*7+2,2)+1)-'設定'!$B$4)/7)+IF('設定'!$D$12="",0,'設定'!$D$12),16)<4,"A",IF(MOD(INT((($D$3+5*7+2-WEEKDAY($D$3+5*7+2,2)+1)-'設定'!$B$4)/7)+IF('設定'!$D$12="",0,'設定'!$D$12),16)<8,"P",IF(MOD(INT((($D$3+5*7+2-WEEKDAY($D$3+5*7+2,2)+1)-'設定'!$B$4)/7)+IF('設定'!$D$12="",0,'設定'!$D$12),16)<12,"N","P"))),"")))))) | D52: =IF(OR(D46="",'設定'!$B$12=""),"",IF(COUNTIFS(LeaveName,'設定'!$B$12,LeaveDate,"="&($D$3+5*7+3),LeaveType,"AL")>0,"AL",IF(COUNTIFS(LeaveName,'設定'!$B$12,LeaveDate,"="&($D$3+5*7+3),LeaveType,"SL")>0,"SL",IF('設定'!$B$12="","",IF('設定'!$C$12="S","S",IF('設定'!$C$12="R",IF(MOD(INT((($D$3+5*7+3-WEEKDAY($D$3+5*7+3,2)+1)-'設定'!$B$4)/7)+IF('設定'!$D$12="",0,'設定'!$D$12),16)<4,"A",IF(MOD(INT((($D$3+5*7+3-WEEKDAY($D$3+5*7+3,2)+1)-'設定'!$B$4)/7)+IF('設定'!$D$12="",0,'設定'!$D$12),16)<8,"P",IF(MOD(INT((($D$3+5*7+3-WEEKDAY($D$3+5*7+3,2)+1)-'設定'!$B$4)/7)+IF('設定'!$D$12="",0,'設定'!$D$12),16)<12,"N","P"))),"")))))) | E52: =IF(OR(E46="",'設定'!$B$12=""),"",IF(COUNTIFS(LeaveName,'設定'!$B$12,LeaveDate,"="&($D$3+5*7+4),LeaveType,"AL")>0,"AL",IF(COUNTIFS(LeaveName,'設定'!$B$12,LeaveDate,"="&($D$3+5*7+4),LeaveType,"SL")>0,"SL",IF('設定'!$B$12="","",IF('設定'!$C$12="S","S",IF('設定'!$C$12="R",IF(MOD(INT((($D$3+5*7+4-WEEKDAY($D$3+5*7+4,2)+1)-'設定'!$B$4)/7)+IF('設定'!$D$12="",0,'設定'!$D$12),16)<4,"A",IF(MOD(INT((($D$3+5*7+4-WEEKDAY($D$3+5*7+4,2)+1)-'設定'!$B$4)/7)+IF('設定'!$D$12="",0,'設定'!$D$12),16)<8,"P",IF(MOD(INT((($D$3+5*7+4-WEEKDAY($D$3+5*7+4,2)+1)-'設定'!$B$4)/7)+IF('設定'!$D$12="",0,'設定'!$D$12),16)<12,"N","P"))),"")))))) | F52: =IF(OR(F46="",'設定'!$B$12=""),"",IF(COUNTIFS(LeaveName,'設定'!$B$12,LeaveDate,"="&($D$3+5*7+5),LeaveType,"AL")>0,"AL",IF(COUNTIFS(LeaveName,'設定'!$B$12,LeaveDate,"="&($D$3+5*7+5),LeaveType,"SL")>0,"SL",IF('設定'!$B$12="","",IF('設定'!$C$12="S","S",IF('設定'!$C$12="R",IF(MOD(INT((($D$3+5*7+5-WEEKDAY($D$3+5*7+5,2)+1)-'設定'!$B$4)/7)+IF('設定'!$D$12="",0,'設定'!$D$12),16)<4,"A",IF(MOD(INT((($D$3+5*7+5-WEEKDAY($D$3+5*7+5,2)+1)-'設定'!$B$4)/7)+IF('設定'!$D$12="",0,'設定'!$D$12),16)<8,"P",IF(MOD(INT((($D$3+5*7+5-WEEKDAY($D$3+5*7+5,2)+1)-'設定'!$B$4)/7)+IF('設定'!$D$12="",0,'設定'!$D$12),16)<12,"N","P"))),"")))))) | G52: =IF(OR(G46="",'設定'!$B$12=""),"",IF(COUNTIFS(LeaveName,'設定'!$B$12,LeaveDate,"="&($D$3+5*7+6),LeaveType,"AL")>0,"AL",IF(COUNTIFS(LeaveName,'設定'!$B$12,LeaveDate,"="&($D$3+5*7+6),LeaveType,"SL")>0,"SL",IF('設定'!$B$12="","",IF('設定'!$C$12="S","S",IF('設定'!$C$12="R",IF(MOD(INT((($D$3+5*7+6-WEEKDAY($D$3+5*7+6,2)+1)-'設定'!$B$4)/7)+IF('設定'!$D$12="",0,'設定'!$D$12),16)<4,"A",IF(MOD(INT((($D$3+5*7+6-WEEKDAY($D$3+5*7+6,2)+1)-'設定'!$B$4)/7)+IF('設定'!$D$12="",0,'設定'!$D$12),16)<8,"P",IF(MOD(INT((($D$3+5*7+6-WEEKDAY($D$3+5*7+6,2)+1)-'設定'!$B$4)/7)+IF('設定'!$D$12="",0,'設定'!$D$12),16)<12,"N","P"))),"")))))) | I52: ='設定'!B12
